date,price,symbol
2019-07-05 17:00:00+00:00,0.0036276,DOGEUSDT
2019-07-06 17:00:00+00:00,0.0035407,DOGEUSDT
2019-07-07 17:00:00+00:00,0.0036048,DOGEUSDT
2019-07-08 17:00:00+00:00,0.00348,DOGEUSDT
2019-07-09 17:00:00+00:00,0.0034877,DOGEUSDT
2019-07-10 17:00:00+00:00,0.0033506,DOGEUSDT
2019-07-11 17:00:00+00:00,0.0032334,DOGEUSDT
2019-07-12 17:00:00+00:00,0.0032539,DOGEUSDT
2019-07-13 17:00:00+00:00,0.0032002,DOGEUSDT
2019-07-14 17:00:00+00:00,0.0030311,DOGEUSDT
2019-07-15 17:00:00+00:00,0.0029651,DOGEUSDT
2019-07-16 17:00:00+00:00,0.0028341,DOGEUSDT
2019-07-17 17:00:00+00:00,0.0029369,DOGEUSDT
2019-07-18 17:00:00+00:00,0.0030545,DOGEUSDT
2019-07-19 17:00:00+00:00,0.0029894,DOGEUSDT
2019-07-20 17:00:00+00:00,0.0031111,DOGEUSDT
2019-07-21 17:00:00+00:00,0.0029991,DOGEUSDT
2019-07-22 17:00:00+00:00,0.0029675,DOGEUSDT
2019-07-23 17:00:00+00:00,0.0028482,DOGEUSDT
2019-07-24 17:00:00+00:00,0.0028344,DOGEUSDT
2019-07-25 17:00:00+00:00,0.0029258,DOGEUSDT
2019-07-26 17:00:00+00:00,0.0028855,DOGEUSDT
2019-07-27 17:00:00+00:00,0.0027812,DOGEUSDT
2019-07-28 17:00:00+00:00,0.0028048,DOGEUSDT
2019-07-29 17:00:00+00:00,0.002795,DOGEUSDT
2019-07-30 17:00:00+00:00,0.0027805,DOGEUSDT
2019-07-31 17:00:00+00:00,0.0028545,DOGEUSDT
2019-08-01 17:00:00+00:00,0.0028484,DOGEUSDT
2019-08-02 17:00:00+00:00,0.002885,DOGEUSDT
2019-08-03 17:00:00+00:00,0.0029122,DOGEUSDT
2019-08-04 17:00:00+00:00,0.0029703,DOGEUSDT
2019-08-05 17:00:00+00:00,0.003086,DOGEUSDT
2019-08-06 17:00:00+00:00,0.0029493,DOGEUSDT
2019-08-07 17:00:00+00:00,0.0029339,DOGEUSDT
2019-08-08 17:00:00+00:00,0.002872,DOGEUSDT
2019-08-09 17:00:00+00:00,0.0028695,DOGEUSDT
2019-08-10 17:00:00+00:00,0.0028292,DOGEUSDT
2019-08-11 17:00:00+00:00,0.0028759,DOGEUSDT
2019-08-12 17:00:00+00:00,0.0028529,DOGEUSDT
2019-08-13 17:00:00+00:00,0.0028246,DOGEUSDT
2019-08-14 17:00:00+00:00,0.0027665,DOGEUSDT
2019-08-15 17:00:00+00:00,0.0026067,DOGEUSDT
2019-08-16 17:00:00+00:00,0.002646,DOGEUSDT
2019-08-17 17:00:00+00:00,0.0026135,DOGEUSDT
2019-08-18 17:00:00+00:00,0.0026886,DOGEUSDT
2019-08-19 17:00:00+00:00,0.0027613,DOGEUSDT
2019-08-20 17:00:00+00:00,0.0027212,DOGEUSDT
2019-08-21 17:00:00+00:00,0.002627,DOGEUSDT
2019-08-22 17:00:00+00:00,0.0026499,DOGEUSDT
2019-08-23 17:00:00+00:00,0.0026768,DOGEUSDT
2019-08-24 17:00:00+00:00,0.0025985,DOGEUSDT
2019-08-25 17:00:00+00:00,0.0026144,DOGEUSDT
2019-08-26 17:00:00+00:00,0.0026356,DOGEUSDT
2019-08-27 17:00:00+00:00,0.002605,DOGEUSDT
2019-08-28 17:00:00+00:00,0.002587,DOGEUSDT
2019-08-29 17:00:00+00:00,0.0024075,DOGEUSDT
2019-08-30 17:00:00+00:00,0.0024337,DOGEUSDT
2019-08-31 17:00:00+00:00,0.0024552,DOGEUSDT
2019-09-01 17:00:00+00:00,0.0024333,DOGEUSDT
2019-09-02 17:00:00+00:00,0.0025209,DOGEUSDT
2019-09-03 17:00:00+00:00,0.0025804,DOGEUSDT
2019-09-04 17:00:00+00:00,0.002542,DOGEUSDT
2019-09-05 17:00:00+00:00,0.0024783,DOGEUSDT
2019-09-06 17:00:00+00:00,0.0024287,DOGEUSDT
2019-09-07 17:00:00+00:00,0.0024643,DOGEUSDT
2019-09-08 17:00:00+00:00,0.0024662,DOGEUSDT
2019-09-09 17:00:00+00:00,0.002427,DOGEUSDT
2019-09-10 17:00:00+00:00,0.0024233,DOGEUSDT
2019-09-11 17:00:00+00:00,0.0023887,DOGEUSDT
2019-09-12 17:00:00+00:00,0.0023772,DOGEUSDT
2019-09-13 17:00:00+00:00,0.0023754,DOGEUSDT
2019-09-14 17:00:00+00:00,0.002407,DOGEUSDT
2019-09-15 17:00:00+00:00,0.0024649,DOGEUSDT
2019-09-16 17:00:00+00:00,0.0024163,DOGEUSDT
2019-09-17 17:00:00+00:00,0.00257,DOGEUSDT
2019-09-18 17:00:00+00:00,0.0027653,DOGEUSDT
2019-09-19 17:00:00+00:00,0.0026668,DOGEUSDT
2019-09-20 17:00:00+00:00,0.0026444,DOGEUSDT
2019-09-21 17:00:00+00:00,0.0025513,DOGEUSDT
2019-09-22 17:00:00+00:00,0.0025385,DOGEUSDT
2019-09-23 17:00:00+00:00,0.0024941,DOGEUSDT
2019-09-24 17:00:00+00:00,0.0024179,DOGEUSDT
2019-09-25 17:00:00+00:00,0.0021469,DOGEUSDT
2019-09-26 17:00:00+00:00,0.0020602,DOGEUSDT
2019-09-27 17:00:00+00:00,0.0021571,DOGEUSDT
2019-09-28 17:00:00+00:00,0.0021839,DOGEUSDT
2019-09-29 17:00:00+00:00,0.0021621,DOGEUSDT
2019-09-30 17:00:00+00:00,0.0023836,DOGEUSDT
2019-10-01 17:00:00+00:00,0.0023809,DOGEUSDT
2019-10-02 17:00:00+00:00,0.0023031,DOGEUSDT
2019-10-03 17:00:00+00:00,0.0022652,DOGEUSDT
2019-10-04 17:00:00+00:00,0.0022921,DOGEUSDT
2019-10-05 17:00:00+00:00,0.0022827,DOGEUSDT
2019-10-06 17:00:00+00:00,0.00227,DOGEUSDT
2019-10-07 17:00:00+00:00,0.0023599,DOGEUSDT
2019-10-08 17:00:00+00:00,0.0022929,DOGEUSDT
2019-10-09 17:00:00+00:00,0.0023599,DOGEUSDT
2019-10-10 17:00:00+00:00,0.0023075,DOGEUSDT
2019-10-11 17:00:00+00:00,0.0022616,DOGEUSDT
2019-10-12 17:00:00+00:00,0.0023122,DOGEUSDT
2019-10-13 17:00:00+00:00,0.0024975,DOGEUSDT
2019-10-14 17:00:00+00:00,0.0025145,DOGEUSDT
2019-10-15 17:00:00+00:00,0.0024933,DOGEUSDT
2019-10-16 17:00:00+00:00,0.0025556,DOGEUSDT
2019-10-17 17:00:00+00:00,0.0028369,DOGEUSDT
2019-10-18 17:00:00+00:00,0.002696,DOGEUSDT
2019-10-19 17:00:00+00:00,0.0027098,DOGEUSDT
2019-10-20 17:00:00+00:00,0.0027231,DOGEUSDT
2019-10-21 17:00:00+00:00,0.0026202,DOGEUSDT
2019-10-22 17:00:00+00:00,0.0026166,DOGEUSDT
2019-10-23 17:00:00+00:00,0.0024432,DOGEUSDT
2019-10-24 17:00:00+00:00,0.002522,DOGEUSDT
2019-10-25 17:00:00+00:00,0.002637,DOGEUSDT
2019-10-26 17:00:00+00:00,0.0025924,DOGEUSDT
2019-10-27 17:00:00+00:00,0.0027318,DOGEUSDT
2019-10-28 17:00:00+00:00,0.0026285,DOGEUSDT
2019-10-29 17:00:00+00:00,0.0026516,DOGEUSDT
2019-10-30 17:00:00+00:00,0.0026006,DOGEUSDT
2019-10-31 17:00:00+00:00,0.0026067,DOGEUSDT
2019-11-01 17:00:00+00:00,0.0025848,DOGEUSDT
2019-11-02 17:00:00+00:00,0.0025852,DOGEUSDT
2019-11-03 17:00:00+00:00,0.0025549,DOGEUSDT
2019-11-04 17:00:00+00:00,0.002578,DOGEUSDT
2019-11-05 17:00:00+00:00,0.0025949,DOGEUSDT
2019-11-06 17:00:00+00:00,0.002593,DOGEUSDT
2019-11-07 17:00:00+00:00,0.0026702,DOGEUSDT
2019-11-08 17:00:00+00:00,0.0026149,DOGEUSDT
2019-11-09 17:00:00+00:00,0.002663,DOGEUSDT
2019-11-10 17:00:00+00:00,0.00275,DOGEUSDT
2019-11-11 17:00:00+00:00,0.0026755,DOGEUSDT
2019-11-12 17:00:00+00:00,0.0026949,DOGEUSDT
2019-11-13 17:00:00+00:00,0.002685,DOGEUSDT
2019-11-14 17:00:00+00:00,0.0026535,DOGEUSDT
2019-11-15 17:00:00+00:00,0.00261,DOGEUSDT
2019-11-16 17:00:00+00:00,0.0026283,DOGEUSDT
2019-11-17 17:00:00+00:00,0.0026334,DOGEUSDT
2019-11-18 17:00:00+00:00,0.0025718,DOGEUSDT
2019-11-19 17:00:00+00:00,0.0025088,DOGEUSDT
2019-11-20 17:00:00+00:00,0.0025482,DOGEUSDT
2019-11-21 17:00:00+00:00,0.0023799,DOGEUSDT
2019-11-22 17:00:00+00:00,0.002287,DOGEUSDT
2019-11-23 17:00:00+00:00,0.002345,DOGEUSDT
2019-11-24 17:00:00+00:00,0.0022837,DOGEUSDT
2019-11-25 17:00:00+00:00,0.0022509,DOGEUSDT
2019-11-26 17:00:00+00:00,0.0022415,DOGEUSDT
2019-11-27 17:00:00+00:00,0.0023292,DOGEUSDT
2019-11-28 17:00:00+00:00,0.0023301,DOGEUSDT
2019-11-29 17:00:00+00:00,0.0023383,DOGEUSDT
2019-11-30 17:00:00+00:00,0.0022733,DOGEUSDT
2019-12-01 17:00:00+00:00,0.0022433,DOGEUSDT
2019-12-02 17:00:00+00:00,0.0021888,DOGEUSDT
2019-12-03 17:00:00+00:00,0.0021971,DOGEUSDT
2019-12-04 17:00:00+00:00,0.0021871,DOGEUSDT
2019-12-05 17:00:00+00:00,0.0021818,DOGEUSDT
2019-12-06 17:00:00+00:00,0.0021597,DOGEUSDT
2019-12-07 17:00:00+00:00,0.002195,DOGEUSDT
2019-12-08 17:00:00+00:00,0.0021915,DOGEUSDT
2019-12-09 17:00:00+00:00,0.0021791,DOGEUSDT
2019-12-10 17:00:00+00:00,0.00215,DOGEUSDT
2019-12-11 17:00:00+00:00,0.0021388,DOGEUSDT
2019-12-12 17:00:00+00:00,0.0021422,DOGEUSDT
2019-12-13 17:00:00+00:00,0.0021463,DOGEUSDT
2019-12-14 17:00:00+00:00,0.00211,DOGEUSDT
2019-12-15 17:00:00+00:00,0.0021418,DOGEUSDT
2019-12-16 17:00:00+00:00,0.00214,DOGEUSDT
2019-12-17 17:00:00+00:00,0.0020009,DOGEUSDT
2019-12-18 17:00:00+00:00,0.0019641,DOGEUSDT
2019-12-19 17:00:00+00:00,0.0020147,DOGEUSDT
2019-12-20 17:00:00+00:00,0.0020396,DOGEUSDT
2019-12-21 17:00:00+00:00,0.002052,DOGEUSDT
2019-12-22 17:00:00+00:00,0.002057,DOGEUSDT
2019-12-23 17:00:00+00:00,0.002048,DOGEUSDT
2019-12-24 17:00:00+00:00,0.0020183,DOGEUSDT
2019-12-25 17:00:00+00:00,0.0020006,DOGEUSDT
2019-12-26 17:00:00+00:00,0.002044,DOGEUSDT
2019-12-27 17:00:00+00:00,0.0020002,DOGEUSDT
2019-12-28 17:00:00+00:00,0.0020512,DOGEUSDT
2019-12-29 17:00:00+00:00,0.0020478,DOGEUSDT
2019-12-30 17:00:00+00:00,0.0020217,DOGEUSDT
2019-12-31 17:00:00+00:00,0.0020046,DOGEUSDT
2020-01-01 17:00:00+00:00,0.0020291,DOGEUSDT
2020-01-02 17:00:00+00:00,0.001975,DOGEUSDT
2020-01-03 17:00:00+00:00,0.0020199,DOGEUSDT
2020-01-04 17:00:00+00:00,0.0020572,DOGEUSDT
2020-01-05 17:00:00+00:00,0.0020825,DOGEUSDT
2020-01-06 17:00:00+00:00,0.0021086,DOGEUSDT
2020-01-07 17:00:00+00:00,0.0021591,DOGEUSDT
2020-01-08 17:00:00+00:00,0.0021197,DOGEUSDT
2020-01-09 17:00:00+00:00,0.0021313,DOGEUSDT
2020-01-10 17:00:00+00:00,0.0021692,DOGEUSDT
2020-01-11 17:00:00+00:00,0.002201,DOGEUSDT
2020-01-12 17:00:00+00:00,0.0021971,DOGEUSDT
2020-01-13 17:00:00+00:00,0.0021801,DOGEUSDT
2020-01-14 17:00:00+00:00,0.002337,DOGEUSDT
2020-01-15 17:00:00+00:00,0.0024364,DOGEUSDT
2020-01-16 17:00:00+00:00,0.0023267,DOGEUSDT
2020-01-17 17:00:00+00:00,0.0023834,DOGEUSDT
2020-01-18 17:00:00+00:00,0.0025,DOGEUSDT
2020-01-19 17:00:00+00:00,0.0023759,DOGEUSDT
2020-01-20 17:00:00+00:00,0.0023987,DOGEUSDT
2020-01-21 17:00:00+00:00,0.002363,DOGEUSDT
2020-01-22 17:00:00+00:00,0.00235,DOGEUSDT
2020-01-23 17:00:00+00:00,0.0022527,DOGEUSDT
2020-01-24 17:00:00+00:00,0.0022722,DOGEUSDT
2020-01-25 17:00:00+00:00,0.0022388,DOGEUSDT
2020-01-26 17:00:00+00:00,0.0022989,DOGEUSDT
2020-01-27 17:00:00+00:00,0.0023633,DOGEUSDT
2020-01-28 17:00:00+00:00,0.0023692,DOGEUSDT
2020-01-29 17:00:00+00:00,0.0024023,DOGEUSDT
2020-01-30 17:00:00+00:00,0.0024009,DOGEUSDT
2020-01-31 17:00:00+00:00,0.002376,DOGEUSDT
2020-02-01 17:00:00+00:00,0.0023979,DOGEUSDT
2020-02-02 17:00:00+00:00,0.0024767,DOGEUSDT
2020-02-03 17:00:00+00:00,0.0024349,DOGEUSDT
2020-02-04 17:00:00+00:00,0.0024576,DOGEUSDT
2020-02-05 17:00:00+00:00,0.0026063,DOGEUSDT
2020-02-06 17:00:00+00:00,0.0026516,DOGEUSDT
2020-02-07 17:00:00+00:00,0.0027588,DOGEUSDT
2020-02-08 17:00:00+00:00,0.0030809,DOGEUSDT
2020-02-09 17:00:00+00:00,0.0032571,DOGEUSDT
2020-02-10 17:00:00+00:00,0.0029803,DOGEUSDT
2020-02-11 17:00:00+00:00,0.0030668,DOGEUSDT
2020-02-12 17:00:00+00:00,0.003083,DOGEUSDT
2020-02-13 17:00:00+00:00,0.0029947,DOGEUSDT
2020-02-14 17:00:00+00:00,0.0031152,DOGEUSDT
2020-02-15 17:00:00+00:00,0.002849,DOGEUSDT
2020-02-16 17:00:00+00:00,0.0026468,DOGEUSDT
2020-02-17 17:00:00+00:00,0.002673,DOGEUSDT
2020-02-18 17:00:00+00:00,0.0027787,DOGEUSDT
2020-02-19 17:00:00+00:00,0.0028023,DOGEUSDT
2020-02-20 17:00:00+00:00,0.0025631,DOGEUSDT
2020-02-21 17:00:00+00:00,0.0026577,DOGEUSDT
2020-02-22 17:00:00+00:00,0.002591,DOGEUSDT
2020-02-23 17:00:00+00:00,0.0026567,DOGEUSDT
2020-02-24 17:00:00+00:00,0.0025877,DOGEUSDT
2020-02-25 17:00:00+00:00,0.00244,DOGEUSDT
2020-02-26 17:00:00+00:00,0.0022683,DOGEUSDT
2020-02-27 17:00:00+00:00,0.0023969,DOGEUSDT
2020-02-28 17:00:00+00:00,0.0022512,DOGEUSDT
2020-02-29 17:00:00+00:00,0.0022812,DOGEUSDT
2020-03-01 17:00:00+00:00,0.00225,DOGEUSDT
2020-03-02 17:00:00+00:00,0.002366,DOGEUSDT
2020-03-03 17:00:00+00:00,0.002444,DOGEUSDT
2020-03-04 17:00:00+00:00,0.002425,DOGEUSDT
2020-03-05 17:00:00+00:00,0.0024957,DOGEUSDT
2020-03-06 17:00:00+00:00,0.0024616,DOGEUSDT
2020-03-07 17:00:00+00:00,0.0024233,DOGEUSDT
2020-03-08 17:00:00+00:00,0.0022275,DOGEUSDT
2020-03-09 17:00:00+00:00,0.0021543,DOGEUSDT
2020-03-10 17:00:00+00:00,0.002186,DOGEUSDT
2020-03-11 17:00:00+00:00,0.0021233,DOGEUSDT
2020-03-12 17:00:00+00:00,0.0018611,DOGEUSDT
2020-03-13 17:00:00+00:00,0.0016301,DOGEUSDT
2020-03-14 17:00:00+00:00,0.0017034,DOGEUSDT
2020-03-15 17:00:00+00:00,0.0017019,DOGEUSDT
2020-03-16 17:00:00+00:00,0.0015979,DOGEUSDT
2020-03-17 17:00:00+00:00,0.0016352,DOGEUSDT
2020-03-18 17:00:00+00:00,0.001575,DOGEUSDT
2020-03-19 17:00:00+00:00,0.00182,DOGEUSDT
2020-03-20 17:00:00+00:00,0.0018201,DOGEUSDT
2020-03-21 17:00:00+00:00,0.0017515,DOGEUSDT
2020-03-22 17:00:00+00:00,0.0017437,DOGEUSDT
2020-03-23 17:00:00+00:00,0.0017785,DOGEUSDT
2020-03-24 17:00:00+00:00,0.0018665,DOGEUSDT
2020-03-25 17:00:00+00:00,0.00183,DOGEUSDT
2020-03-26 17:00:00+00:00,0.0018409,DOGEUSDT
2020-03-27 17:00:00+00:00,0.0018388,DOGEUSDT
2020-03-28 17:00:00+00:00,0.0017371,DOGEUSDT
2020-03-29 17:00:00+00:00,0.0017617,DOGEUSDT
2020-03-30 17:00:00+00:00,0.0018072,DOGEUSDT
2020-03-31 17:00:00+00:00,0.0018083,DOGEUSDT
2020-04-01 17:00:00+00:00,0.0017752,DOGEUSDT
2020-04-02 17:00:00+00:00,0.0019266,DOGEUSDT
2020-04-03 17:00:00+00:00,0.001836,DOGEUSDT
2020-04-04 17:00:00+00:00,0.001864,DOGEUSDT
2020-04-05 17:00:00+00:00,0.0018551,DOGEUSDT
2020-04-06 17:00:00+00:00,0.0019757,DOGEUSDT
2020-04-07 17:00:00+00:00,0.0019918,DOGEUSDT
2020-04-08 17:00:00+00:00,0.002,DOGEUSDT
2020-04-09 17:00:00+00:00,0.0020081,DOGEUSDT
2020-04-10 17:00:00+00:00,0.0019206,DOGEUSDT
2020-04-11 17:00:00+00:00,0.001942,DOGEUSDT
2020-04-12 17:00:00+00:00,0.0019937,DOGEUSDT
2020-04-13 17:00:00+00:00,0.0019226,DOGEUSDT
2020-04-14 17:00:00+00:00,0.0019542,DOGEUSDT
2020-04-15 17:00:00+00:00,0.0019328,DOGEUSDT
2020-04-16 17:00:00+00:00,0.0019728,DOGEUSDT
2020-04-17 17:00:00+00:00,0.001995,DOGEUSDT
2020-04-18 17:00:00+00:00,0.002034,DOGEUSDT
2020-04-19 17:00:00+00:00,0.0020145,DOGEUSDT
2020-04-20 17:00:00+00:00,0.0019673,DOGEUSDT
2020-04-21 17:00:00+00:00,0.0019506,DOGEUSDT
2020-04-22 17:00:00+00:00,0.0020101,DOGEUSDT
2020-04-23 17:00:00+00:00,0.0021123,DOGEUSDT
2020-04-24 17:00:00+00:00,0.002085,DOGEUSDT
2020-04-25 17:00:00+00:00,0.0021114,DOGEUSDT
2020-04-26 17:00:00+00:00,0.002249,DOGEUSDT
2020-04-27 17:00:00+00:00,0.0023676,DOGEUSDT
2020-04-28 17:00:00+00:00,0.0023432,DOGEUSDT
2020-04-29 17:00:00+00:00,0.0024831,DOGEUSDT
2020-04-30 17:00:00+00:00,0.0023916,DOGEUSDT
2020-05-01 17:00:00+00:00,0.0024732,DOGEUSDT
2020-05-02 17:00:00+00:00,0.0025038,DOGEUSDT
2020-05-03 17:00:00+00:00,0.0024887,DOGEUSDT
2020-05-04 17:00:00+00:00,0.00245,DOGEUSDT
2020-05-05 17:00:00+00:00,0.0024543,DOGEUSDT
2020-05-06 17:00:00+00:00,0.0025101,DOGEUSDT
2020-05-07 17:00:00+00:00,0.0026536,DOGEUSDT
2020-05-08 17:00:00+00:00,0.0026331,DOGEUSDT
2020-05-09 17:00:00+00:00,0.002599,DOGEUSDT
2020-05-10 17:00:00+00:00,0.0023993,DOGEUSDT
2020-05-11 17:00:00+00:00,0.0023799,DOGEUSDT
2020-05-12 17:00:00+00:00,0.0024774,DOGEUSDT
2020-05-13 17:00:00+00:00,0.002485,DOGEUSDT
2020-05-14 17:00:00+00:00,0.0025398,DOGEUSDT
2020-05-15 17:00:00+00:00,0.0025082,DOGEUSDT
2020-05-16 17:00:00+00:00,0.0024895,DOGEUSDT
2020-05-17 17:00:00+00:00,0.0025424,DOGEUSDT
2020-05-18 17:00:00+00:00,0.0025124,DOGEUSDT
2020-05-19 17:00:00+00:00,0.0025312,DOGEUSDT
2020-05-20 17:00:00+00:00,0.0024988,DOGEUSDT
2020-05-21 17:00:00+00:00,0.0024474,DOGEUSDT
2020-05-22 17:00:00+00:00,0.0025376,DOGEUSDT
2020-05-23 17:00:00+00:00,0.0025447,DOGEUSDT
2020-05-24 17:00:00+00:00,0.00249,DOGEUSDT
2020-05-25 17:00:00+00:00,0.0025193,DOGEUSDT
2020-05-26 17:00:00+00:00,0.0024811,DOGEUSDT
2020-05-27 17:00:00+00:00,0.0025039,DOGEUSDT
2020-05-28 17:00:00+00:00,0.0025406,DOGEUSDT
2020-05-29 17:00:00+00:00,0.0025049,DOGEUSDT
2020-05-30 17:00:00+00:00,0.0025852,DOGEUSDT
2020-05-31 17:00:00+00:00,0.002583,DOGEUSDT
2020-06-01 17:00:00+00:00,0.0025826,DOGEUSDT
2020-06-02 17:00:00+00:00,0.0025513,DOGEUSDT
2020-06-03 17:00:00+00:00,0.0025592,DOGEUSDT
2020-06-04 17:00:00+00:00,0.0026551,DOGEUSDT
2020-06-05 17:00:00+00:00,0.0025919,DOGEUSDT
2020-06-06 17:00:00+00:00,0.0025633,DOGEUSDT
2020-06-07 17:00:00+00:00,0.0025607,DOGEUSDT
2020-06-08 17:00:00+00:00,0.0025648,DOGEUSDT
2020-06-09 17:00:00+00:00,0.0025581,DOGEUSDT
2020-06-10 17:00:00+00:00,0.0025568,DOGEUSDT
2020-06-11 17:00:00+00:00,0.0024815,DOGEUSDT
2020-06-12 17:00:00+00:00,0.0024643,DOGEUSDT
2020-06-13 17:00:00+00:00,0.0025249,DOGEUSDT
2020-06-14 17:00:00+00:00,0.0025086,DOGEUSDT
2020-06-15 17:00:00+00:00,0.0024491,DOGEUSDT
2020-06-16 17:00:00+00:00,0.0024754,DOGEUSDT
2020-06-17 17:00:00+00:00,0.002465,DOGEUSDT
2020-06-18 17:00:00+00:00,0.0024749,DOGEUSDT
2020-06-19 17:00:00+00:00,0.0024455,DOGEUSDT
2020-06-20 17:00:00+00:00,0.0024364,DOGEUSDT
2020-06-21 17:00:00+00:00,0.0024472,DOGEUSDT
2020-06-22 17:00:00+00:00,0.0024993,DOGEUSDT
2020-06-23 17:00:00+00:00,0.002483,DOGEUSDT
2020-06-24 17:00:00+00:00,0.0024176,DOGEUSDT
2020-06-25 17:00:00+00:00,0.002402,DOGEUSDT
2020-06-26 17:00:00+00:00,0.0023622,DOGEUSDT
2020-06-27 17:00:00+00:00,0.0023388,DOGEUSDT
2020-06-28 17:00:00+00:00,0.002335,DOGEUSDT
2020-06-29 17:00:00+00:00,0.0023059,DOGEUSDT
2020-06-30 17:00:00+00:00,0.0023103,DOGEUSDT
2020-07-01 17:00:00+00:00,0.0023467,DOGEUSDT
2020-07-02 17:00:00+00:00,0.0023048,DOGEUSDT
2020-07-03 17:00:00+00:00,0.002312,DOGEUSDT
2020-07-04 17:00:00+00:00,0.0023154,DOGEUSDT
2020-07-05 17:00:00+00:00,0.002293,DOGEUSDT
2020-07-06 17:00:00+00:00,0.0025165,DOGEUSDT
2020-07-07 17:00:00+00:00,0.0027667,DOGEUSDT
2020-07-08 17:00:00+00:00,0.0039868,DOGEUSDT
2020-07-09 17:00:00+00:00,0.0045955,DOGEUSDT
2020-07-10 17:00:00+00:00,0.0036986,DOGEUSDT
2020-07-11 17:00:00+00:00,0.0036265,DOGEUSDT
2020-07-12 17:00:00+00:00,0.0036645,DOGEUSDT
2020-07-13 17:00:00+00:00,0.0032692,DOGEUSDT
2020-07-14 17:00:00+00:00,0.0032547,DOGEUSDT
2020-07-15 17:00:00+00:00,0.0031048,DOGEUSDT
2020-07-16 17:00:00+00:00,0.0029245,DOGEUSDT
2020-07-17 17:00:00+00:00,0.003029,DOGEUSDT
2020-07-18 17:00:00+00:00,0.0035146,DOGEUSDT
2020-07-19 17:00:00+00:00,0.0033928,DOGEUSDT
2020-07-20 17:00:00+00:00,0.0032269,DOGEUSDT
2020-07-21 17:00:00+00:00,0.0032639,DOGEUSDT
2020-07-22 17:00:00+00:00,0.00324,DOGEUSDT
2020-07-23 17:00:00+00:00,0.00329,DOGEUSDT
2020-07-24 17:00:00+00:00,0.0032182,DOGEUSDT
2020-07-25 17:00:00+00:00,0.0032211,DOGEUSDT
2020-07-26 17:00:00+00:00,0.0032249,DOGEUSDT
2020-07-27 17:00:00+00:00,0.0031274,DOGEUSDT
2020-07-28 17:00:00+00:00,0.0031653,DOGEUSDT
2020-07-29 17:00:00+00:00,0.003177,DOGEUSDT
2020-07-30 17:00:00+00:00,0.003198,DOGEUSDT
2020-07-31 17:00:00+00:00,0.0032146,DOGEUSDT
2020-08-01 17:00:00+00:00,0.003652,DOGEUSDT
2020-08-02 17:00:00+00:00,0.0033498,DOGEUSDT
2020-08-03 17:00:00+00:00,0.0033973,DOGEUSDT
2020-08-04 17:00:00+00:00,0.0034899,DOGEUSDT
2020-08-05 17:00:00+00:00,0.003517,DOGEUSDT
2020-08-06 17:00:00+00:00,0.003595,DOGEUSDT
2020-08-07 17:00:00+00:00,0.0034213,DOGEUSDT
2020-08-08 17:00:00+00:00,0.0034713,DOGEUSDT
2020-08-09 17:00:00+00:00,0.0034468,DOGEUSDT
2020-08-10 17:00:00+00:00,0.0035248,DOGEUSDT
2020-08-11 17:00:00+00:00,0.003407,DOGEUSDT
2020-08-12 17:00:00+00:00,0.0034706,DOGEUSDT
2020-08-13 17:00:00+00:00,0.0034967,DOGEUSDT
2020-08-14 17:00:00+00:00,0.0035002,DOGEUSDT
2020-08-15 17:00:00+00:00,0.003574,DOGEUSDT
2020-08-16 17:00:00+00:00,0.0035022,DOGEUSDT
2020-08-17 17:00:00+00:00,0.0036173,DOGEUSDT
2020-08-18 17:00:00+00:00,0.0035121,DOGEUSDT
2020-08-19 17:00:00+00:00,0.0033996,DOGEUSDT
2020-08-20 17:00:00+00:00,0.0034661,DOGEUSDT
2020-08-21 17:00:00+00:00,0.0034194,DOGEUSDT
2020-08-22 17:00:00+00:00,0.0034303,DOGEUSDT
2020-08-23 17:00:00+00:00,0.0034113,DOGEUSDT
2020-08-24 17:00:00+00:00,0.0034035,DOGEUSDT
2020-08-25 17:00:00+00:00,0.0032409,DOGEUSDT
2020-08-26 17:00:00+00:00,0.0033383,DOGEUSDT
2020-08-27 17:00:00+00:00,0.0031858,DOGEUSDT
2020-08-28 17:00:00+00:00,0.003242,DOGEUSDT
2020-08-29 17:00:00+00:00,0.003273,DOGEUSDT
2020-08-30 17:00:00+00:00,0.0032821,DOGEUSDT
2020-08-31 17:00:00+00:00,0.003232,DOGEUSDT
2020-09-01 17:00:00+00:00,0.0032356,DOGEUSDT
2020-09-02 17:00:00+00:00,0.0030738,DOGEUSDT
2020-09-03 17:00:00+00:00,0.0029152,DOGEUSDT
2020-09-04 17:00:00+00:00,0.0028346,DOGEUSDT
2020-09-05 17:00:00+00:00,0.0027643,DOGEUSDT
2020-09-06 17:00:00+00:00,0.0027608,DOGEUSDT
2020-09-07 17:00:00+00:00,0.0027803,DOGEUSDT
2020-09-08 17:00:00+00:00,0.0027491,DOGEUSDT
2020-09-09 17:00:00+00:00,0.0027799,DOGEUSDT
2020-09-10 17:00:00+00:00,0.0027995,DOGEUSDT
2020-09-11 17:00:00+00:00,0.0027772,DOGEUSDT
2020-09-12 17:00:00+00:00,0.0027892,DOGEUSDT
2020-09-13 17:00:00+00:00,0.0027733,DOGEUSDT
2020-09-14 17:00:00+00:00,0.00279,DOGEUSDT
2020-09-15 17:00:00+00:00,0.002815,DOGEUSDT
2020-09-16 17:00:00+00:00,0.0028219,DOGEUSDT
2020-09-17 17:00:00+00:00,0.0027885,DOGEUSDT
2020-09-18 17:00:00+00:00,0.0027569,DOGEUSDT
2020-09-19 17:00:00+00:00,0.0027857,DOGEUSDT
2020-09-20 17:00:00+00:00,0.0027588,DOGEUSDT
2020-09-21 17:00:00+00:00,0.0026166,DOGEUSDT
2020-09-22 17:00:00+00:00,0.0026472,DOGEUSDT
2020-09-23 17:00:00+00:00,0.002619,DOGEUSDT
2020-09-24 17:00:00+00:00,0.0026166,DOGEUSDT
2020-09-25 17:00:00+00:00,0.0026739,DOGEUSDT
2020-09-26 17:00:00+00:00,0.0027105,DOGEUSDT
2020-09-27 17:00:00+00:00,0.0027033,DOGEUSDT
2020-09-28 17:00:00+00:00,0.002689,DOGEUSDT
2020-09-29 17:00:00+00:00,0.0026541,DOGEUSDT
2020-09-30 17:00:00+00:00,0.0026497,DOGEUSDT
2020-10-01 17:00:00+00:00,0.0026081,DOGEUSDT
2020-10-02 17:00:00+00:00,0.0025891,DOGEUSDT
2020-10-03 17:00:00+00:00,0.0026042,DOGEUSDT
2020-10-04 17:00:00+00:00,0.0026418,DOGEUSDT
2020-10-05 17:00:00+00:00,0.0026011,DOGEUSDT
2020-10-06 17:00:00+00:00,0.0025956,DOGEUSDT
2020-10-07 17:00:00+00:00,0.0025864,DOGEUSDT
2020-10-08 17:00:00+00:00,0.0026151,DOGEUSDT
2020-10-09 17:00:00+00:00,0.0026568,DOGEUSDT
2020-10-10 17:00:00+00:00,0.0026759,DOGEUSDT
2020-10-11 17:00:00+00:00,0.0026852,DOGEUSDT
2020-10-12 17:00:00+00:00,0.0026735,DOGEUSDT
2020-10-13 17:00:00+00:00,0.0026345,DOGEUSDT
2020-10-14 17:00:00+00:00,0.0026344,DOGEUSDT
2020-10-15 17:00:00+00:00,0.002596,DOGEUSDT
2020-10-16 17:00:00+00:00,0.002573,DOGEUSDT
2020-10-17 17:00:00+00:00,0.0025833,DOGEUSDT
2020-10-18 17:00:00+00:00,0.0025932,DOGEUSDT
2020-10-19 17:00:00+00:00,0.0025961,DOGEUSDT
2020-10-20 17:00:00+00:00,0.0025973,DOGEUSDT
2020-10-21 17:00:00+00:00,0.0026372,DOGEUSDT
2020-10-22 17:00:00+00:00,0.002668,DOGEUSDT
2020-10-23 17:00:00+00:00,0.0026399,DOGEUSDT
2020-10-24 17:00:00+00:00,0.0026358,DOGEUSDT
2020-10-25 17:00:00+00:00,0.0026506,DOGEUSDT
2020-10-26 17:00:00+00:00,0.0026568,DOGEUSDT
2020-10-27 17:00:00+00:00,0.0026705,DOGEUSDT
2020-10-28 17:00:00+00:00,0.002585,DOGEUSDT
2020-10-29 17:00:00+00:00,0.0025862,DOGEUSDT
2020-10-30 17:00:00+00:00,0.0025872,DOGEUSDT
2020-10-31 17:00:00+00:00,0.0025689,DOGEUSDT
2020-11-01 17:00:00+00:00,0.0025717,DOGEUSDT
2020-11-02 17:00:00+00:00,0.0025184,DOGEUSDT
2020-11-03 17:00:00+00:00,0.0024964,DOGEUSDT
2020-11-04 17:00:00+00:00,0.002542,DOGEUSDT
2020-11-05 17:00:00+00:00,0.002628,DOGEUSDT
2020-11-06 17:00:00+00:00,0.0027778,DOGEUSDT
2020-11-07 17:00:00+00:00,0.0026811,DOGEUSDT
2020-11-08 17:00:00+00:00,0.002734,DOGEUSDT
2020-11-09 17:00:00+00:00,0.0027033,DOGEUSDT
2020-11-10 17:00:00+00:00,0.0027929,DOGEUSDT
2020-11-11 17:00:00+00:00,0.0028259,DOGEUSDT
2020-11-12 17:00:00+00:00,0.0027478,DOGEUSDT
2020-11-13 17:00:00+00:00,0.0028154,DOGEUSDT
2020-11-14 17:00:00+00:00,0.0027692,DOGEUSDT
2020-11-15 17:00:00+00:00,0.0027601,DOGEUSDT
2020-11-16 17:00:00+00:00,0.0029089,DOGEUSDT
2020-11-17 17:00:00+00:00,0.002923,DOGEUSDT
2020-11-18 17:00:00+00:00,0.0029122,DOGEUSDT
2020-11-19 17:00:00+00:00,0.002935,DOGEUSDT
2020-11-20 17:00:00+00:00,0.0030203,DOGEUSDT
2020-11-21 17:00:00+00:00,0.0034517,DOGEUSDT
2020-11-22 17:00:00+00:00,0.0034091,DOGEUSDT
2020-11-23 17:00:00+00:00,0.003406,DOGEUSDT
2020-11-24 17:00:00+00:00,0.0040462,DOGEUSDT
2020-11-25 17:00:00+00:00,0.0040397,DOGEUSDT
2020-11-26 17:00:00+00:00,0.0030436,DOGEUSDT
2020-11-27 17:00:00+00:00,0.003127,DOGEUSDT
2020-11-28 17:00:00+00:00,0.0034231,DOGEUSDT
2020-11-29 17:00:00+00:00,0.00341,DOGEUSDT
2020-11-30 17:00:00+00:00,0.0035398,DOGEUSDT
2020-12-01 17:00:00+00:00,0.0033639,DOGEUSDT
2020-12-02 17:00:00+00:00,0.003359,DOGEUSDT
2020-12-03 17:00:00+00:00,0.0034128,DOGEUSDT
2020-12-04 17:00:00+00:00,0.0033656,DOGEUSDT
2020-12-05 17:00:00+00:00,0.003405,DOGEUSDT
2020-12-06 17:00:00+00:00,0.003406,DOGEUSDT
2020-12-07 17:00:00+00:00,0.00336,DOGEUSDT
2020-12-08 17:00:00+00:00,0.0032612,DOGEUSDT
2020-12-09 17:00:00+00:00,0.0031346,DOGEUSDT
2020-12-10 17:00:00+00:00,0.0031025,DOGEUSDT
2020-12-11 17:00:00+00:00,0.003064,DOGEUSDT
2020-12-12 17:00:00+00:00,0.0031621,DOGEUSDT
2020-12-13 17:00:00+00:00,0.0032535,DOGEUSDT
2020-12-14 17:00:00+00:00,0.0032256,DOGEUSDT
2020-12-15 17:00:00+00:00,0.003221,DOGEUSDT
2020-12-16 17:00:00+00:00,0.0033203,DOGEUSDT
2020-12-17 17:00:00+00:00,0.0039145,DOGEUSDT
2020-12-18 17:00:00+00:00,0.0038091,DOGEUSDT
2020-12-19 17:00:00+00:00,0.0039717,DOGEUSDT
2020-12-20 17:00:00+00:00,0.0044925,DOGEUSDT
2020-12-22 17:00:00+00:00,0.0045713,DOGEUSDT
2020-12-23 17:00:00+00:00,0.0040975,DOGEUSDT
2020-12-24 17:00:00+00:00,0.0043239,DOGEUSDT
2020-12-25 17:00:00+00:00,0.0045585,DOGEUSDT
2020-12-26 17:00:00+00:00,0.0045072,DOGEUSDT
2020-12-27 17:00:00+00:00,0.0046437,DOGEUSDT
2020-12-28 17:00:00+00:00,0.004631,DOGEUSDT
2020-12-29 17:00:00+00:00,0.0043856,DOGEUSDT
2020-12-30 17:00:00+00:00,0.0046077,DOGEUSDT
2020-12-31 17:00:00+00:00,0.0046247,DOGEUSDT
2021-01-01 17:00:00+00:00,0.0049828,DOGEUSDT
2021-01-02 17:00:00+00:00,0.0099805,DOGEUSDT
2021-01-03 17:00:00+00:00,0.0109876,DOGEUSDT
2021-01-04 17:00:00+00:00,0.0092269,DOGEUSDT
2021-01-05 17:00:00+00:00,0.00968,DOGEUSDT
2021-01-06 17:00:00+00:00,0.0104823,DOGEUSDT
2021-01-07 17:00:00+00:00,0.0100392,DOGEUSDT
2021-01-08 17:00:00+00:00,0.0094163,DOGEUSDT
2021-01-09 17:00:00+00:00,0.0100438,DOGEUSDT
2021-01-10 17:00:00+00:00,0.0098633,DOGEUSDT
2021-01-11 17:00:00+00:00,0.007848,DOGEUSDT
2021-01-12 17:00:00+00:00,0.0083623,DOGEUSDT
2021-01-13 17:00:00+00:00,0.0081394,DOGEUSDT
2021-01-14 17:00:00+00:00,0.0091653,DOGEUSDT
2021-01-15 17:00:00+00:00,0.0091471,DOGEUSDT
2021-01-16 17:00:00+00:00,0.00928,DOGEUSDT
2021-01-17 17:00:00+00:00,0.009194,DOGEUSDT
2021-01-18 17:00:00+00:00,0.0090796,DOGEUSDT
2021-01-19 17:00:00+00:00,0.0091427,DOGEUSDT
2021-01-20 17:00:00+00:00,0.0088985,DOGEUSDT
2021-01-21 17:00:00+00:00,0.0084116,DOGEUSDT
2021-01-22 17:00:00+00:00,0.0086238,DOGEUSDT
2021-01-23 17:00:00+00:00,0.0086424,DOGEUSDT
2021-01-24 17:00:00+00:00,0.0087569,DOGEUSDT
2021-01-25 17:00:00+00:00,0.0085436,DOGEUSDT
2021-01-26 17:00:00+00:00,0.0082737,DOGEUSDT
2021-01-27 17:00:00+00:00,0.0075247,DOGEUSDT
2021-01-28 17:00:00+00:00,0.0190068,DOGEUSDT
2021-01-29 17:00:00+00:00,0.0451,DOGEUSDT
2021-01-30 17:00:00+00:00,0.0285728,DOGEUSDT
2021-01-31 17:00:00+00:00,0.0341937,DOGEUSDT
2021-02-01 17:00:00+00:00,0.0389101,DOGEUSDT
2021-02-02 17:00:00+00:00,0.0315028,DOGEUSDT
2021-02-03 17:00:00+00:00,0.0321256,DOGEUSDT
2021-02-04 17:00:00+00:00,0.047698,DOGEUSDT
2021-02-05 17:00:00+00:00,0.0452671,DOGEUSDT
2021-02-06 17:00:00+00:00,0.0506,DOGEUSDT
2021-02-07 17:00:00+00:00,0.069925,DOGEUSDT
2021-02-08 17:00:00+00:00,0.078758,DOGEUSDT
2021-02-09 17:00:00+00:00,0.0703788,DOGEUSDT
2021-02-10 17:00:00+00:00,0.0737162,DOGEUSDT
2021-02-11 17:00:00+00:00,0.0705217,DOGEUSDT
2021-02-12 17:00:00+00:00,0.0678942,DOGEUSDT
2021-02-13 17:00:00+00:00,0.0677233,DOGEUSDT
2021-02-14 17:00:00+00:00,0.059,DOGEUSDT
2021-02-15 17:00:00+00:00,0.0589818,DOGEUSDT
2021-02-16 17:00:00+00:00,0.0549968,DOGEUSDT
2021-02-17 17:00:00+00:00,0.0527698,DOGEUSDT
2021-02-18 17:00:00+00:00,0.0596631,DOGEUSDT
2021-02-19 17:00:00+00:00,0.0549258,DOGEUSDT
2021-02-20 17:00:00+00:00,0.0561479,DOGEUSDT
2021-02-21 17:00:00+00:00,0.0549702,DOGEUSDT
2021-02-22 17:00:00+00:00,0.0517841,DOGEUSDT
2021-02-23 17:00:00+00:00,0.0455525,DOGEUSDT
2021-02-24 17:00:00+00:00,0.0573521,DOGEUSDT
2021-02-25 17:00:00+00:00,0.0522352,DOGEUSDT
2021-02-26 17:00:00+00:00,0.0515688,DOGEUSDT
2021-02-27 17:00:00+00:00,0.0501363,DOGEUSDT
2021-02-28 17:00:00+00:00,0.045875,DOGEUSDT
2021-03-01 17:00:00+00:00,0.049069,DOGEUSDT
2021-03-02 17:00:00+00:00,0.0500613,DOGEUSDT
2021-03-03 17:00:00+00:00,0.0509981,DOGEUSDT
2021-03-04 17:00:00+00:00,0.0494,DOGEUSDT
2021-03-05 17:00:00+00:00,0.0494148,DOGEUSDT
2021-03-06 17:00:00+00:00,0.0507179,DOGEUSDT
2021-03-07 17:00:00+00:00,0.0514357,DOGEUSDT
2021-03-08 17:00:00+00:00,0.0563689,DOGEUSDT
2021-03-09 17:00:00+00:00,0.0568815,DOGEUSDT
2021-03-10 17:00:00+00:00,0.0560993,DOGEUSDT
2021-03-11 17:00:00+00:00,0.0553349,DOGEUSDT
2021-03-12 17:00:00+00:00,0.0552,DOGEUSDT
2021-03-13 17:00:00+00:00,0.058186,DOGEUSDT
2021-03-14 17:00:00+00:00,0.0588346,DOGEUSDT
2021-03-15 17:00:00+00:00,0.0562008,DOGEUSDT
2021-03-16 17:00:00+00:00,0.0575321,DOGEUSDT
2021-03-17 17:00:00+00:00,0.0575763,DOGEUSDT
2021-03-18 17:00:00+00:00,0.0580451,DOGEUSDT
2021-03-19 17:00:00+00:00,0.0585099,DOGEUSDT
2021-03-20 17:00:00+00:00,0.0593693,DOGEUSDT
2021-03-21 17:00:00+00:00,0.0575625,DOGEUSDT
2021-03-22 17:00:00+00:00,0.0570985,DOGEUSDT
2021-03-23 17:00:00+00:00,0.0547383,DOGEUSDT
2021-03-24 17:00:00+00:00,0.0547253,DOGEUSDT
2021-03-25 17:00:00+00:00,0.05084,DOGEUSDT
2021-03-26 17:00:00+00:00,0.0530825,DOGEUSDT
2021-03-27 17:00:00+00:00,0.054655,DOGEUSDT
2021-03-28 17:00:00+00:00,0.0539877,DOGEUSDT
2021-03-29 17:00:00+00:00,0.05431,DOGEUSDT
2021-03-30 17:00:00+00:00,0.0541864,DOGEUSDT
2021-03-31 17:00:00+00:00,0.053378,DOGEUSDT
2021-04-01 17:00:00+00:00,0.0590721,DOGEUSDT
2021-04-02 17:00:00+00:00,0.0582984,DOGEUSDT
2021-04-03 17:00:00+00:00,0.0571639,DOGEUSDT
2021-04-04 17:00:00+00:00,0.0574843,DOGEUSDT
2021-04-05 17:00:00+00:00,0.0577176,DOGEUSDT
2021-04-06 17:00:00+00:00,0.061058,DOGEUSDT
2021-04-07 17:00:00+00:00,0.0587749,DOGEUSDT
2021-04-08 17:00:00+00:00,0.0609209,DOGEUSDT
2021-04-09 17:00:00+00:00,0.0617307,DOGEUSDT
2021-04-10 17:00:00+00:00,0.063859,DOGEUSDT
2021-04-11 17:00:00+00:00,0.0734679,DOGEUSDT
2021-04-12 17:00:00+00:00,0.0712247,DOGEUSDT
2021-04-13 17:00:00+00:00,0.0910322,DOGEUSDT
2021-04-14 17:00:00+00:00,0.1268064,DOGEUSDT
2021-04-15 17:00:00+00:00,0.1384408,DOGEUSDT
2021-04-16 17:00:00+00:00,0.3577932,DOGEUSDT
2021-04-17 17:00:00+00:00,0.2651138,DOGEUSDT
2021-04-18 17:00:00+00:00,0.3119598,DOGEUSDT
2021-04-19 17:00:00+00:00,0.3901575,DOGEUSDT
2021-04-20 17:00:00+00:00,0.3516267,DOGEUSDT
2021-04-21 17:00:00+00:00,0.3090738,DOGEUSDT
2021-04-22 17:00:00+00:00,0.2996101,DOGEUSDT
2021-04-23 17:00:00+00:00,0.2324296,DOGEUSDT
2021-04-24 17:00:00+00:00,0.2733015,DOGEUSDT
2021-04-25 17:00:00+00:00,0.25926,DOGEUSDT
2021-04-26 17:00:00+00:00,0.26665,DOGEUSDT
2021-04-27 17:00:00+00:00,0.27084,DOGEUSDT
2021-04-28 17:00:00+00:00,0.3082,DOGEUSDT
2021-04-29 17:00:00+00:00,0.3012,DOGEUSDT
2021-04-30 17:00:00+00:00,0.31968,DOGEUSDT
2021-05-01 17:00:00+00:00,0.37076,DOGEUSDT
2021-05-02 17:00:00+00:00,0.385,DOGEUSDT
2021-05-03 17:00:00+00:00,0.41012,DOGEUSDT
2021-05-04 17:00:00+00:00,0.56863,DOGEUSDT
2021-05-05 17:00:00+00:00,0.63867,DOGEUSDT
2021-05-06 17:00:00+00:00,0.57896,DOGEUSDT
2021-05-07 17:00:00+00:00,0.61506,DOGEUSDT
2021-05-08 17:00:00+00:00,0.66106,DOGEUSDT
2021-05-09 17:00:00+00:00,0.53717,DOGEUSDT
2021-05-10 17:00:00+00:00,0.48445,DOGEUSDT
2021-05-11 17:00:00+00:00,0.49721,DOGEUSDT
2021-05-12 17:00:00+00:00,0.46179,DOGEUSDT
2021-05-13 17:00:00+00:00,0.39636,DOGEUSDT
2021-05-14 17:00:00+00:00,0.559,DOGEUSDT
2021-05-15 17:00:00+00:00,0.50384,DOGEUSDT
2021-05-16 17:00:00+00:00,0.52417,DOGEUSDT
2021-05-17 17:00:00+00:00,0.47775,DOGEUSDT
2021-05-18 17:00:00+00:00,0.47969,DOGEUSDT
2021-05-19 17:00:00+00:00,0.38101,DOGEUSDT
2021-05-20 17:00:00+00:00,0.41154,DOGEUSDT
2021-05-21 17:00:00+00:00,0.36068,DOGEUSDT
2021-05-22 17:00:00+00:00,0.33476,DOGEUSDT
2021-05-23 17:00:00+00:00,0.28822,DOGEUSDT
2021-05-24 17:00:00+00:00,0.33056,DOGEUSDT
2021-05-25 17:00:00+00:00,0.34328,DOGEUSDT
2021-05-26 17:00:00+00:00,0.34633,DOGEUSDT
2021-05-27 17:00:00+00:00,0.33208,DOGEUSDT
2021-05-28 17:00:00+00:00,0.31425,DOGEUSDT
2021-05-29 17:00:00+00:00,0.28806,DOGEUSDT
2021-05-30 17:00:00+00:00,0.30465,DOGEUSDT
2021-05-31 17:00:00+00:00,0.3124,DOGEUSDT
2021-06-01 17:00:00+00:00,0.31969,DOGEUSDT
2021-06-02 17:00:00+00:00,0.40347,DOGEUSDT
2021-06-03 17:00:00+00:00,0.39053,DOGEUSDT
2021-06-04 17:00:00+00:00,0.37699,DOGEUSDT
2021-06-05 17:00:00+00:00,0.37312,DOGEUSDT
2021-06-06 17:00:00+00:00,0.37097,DOGEUSDT
2021-06-07 17:00:00+00:00,0.36032,DOGEUSDT
2021-06-08 17:00:00+00:00,0.32074,DOGEUSDT
2021-06-09 17:00:00+00:00,0.34348,DOGEUSDT
2021-06-10 17:00:00+00:00,0.3265,DOGEUSDT
2021-06-11 17:00:00+00:00,0.31569,DOGEUSDT
2021-06-12 17:00:00+00:00,0.31405,DOGEUSDT
2021-06-13 17:00:00+00:00,0.3179,DOGEUSDT
2021-06-14 17:00:00+00:00,0.32826,DOGEUSDT
2021-06-15 17:00:00+00:00,0.32497,DOGEUSDT
2021-06-16 17:00:00+00:00,0.3118,DOGEUSDT
2021-06-17 17:00:00+00:00,0.30345,DOGEUSDT
2021-06-18 17:00:00+00:00,0.28816,DOGEUSDT
2021-06-19 17:00:00+00:00,0.28941,DOGEUSDT
2021-06-20 17:00:00+00:00,0.27183,DOGEUSDT
2021-06-21 17:00:00+00:00,0.20614,DOGEUSDT
2021-06-22 17:00:00+00:00,0.19376,DOGEUSDT
2021-06-23 17:00:00+00:00,0.23215,DOGEUSDT
2021-06-24 17:00:00+00:00,0.24561,DOGEUSDT
2021-06-25 17:00:00+00:00,0.23214,DOGEUSDT
2021-06-26 17:00:00+00:00,0.24091,DOGEUSDT
2021-06-27 17:00:00+00:00,0.24616,DOGEUSDT
2021-06-28 17:00:00+00:00,0.25576,DOGEUSDT
2021-06-29 17:00:00+00:00,0.26772,DOGEUSDT
2021-06-30 17:00:00+00:00,0.24877,DOGEUSDT
2021-07-01 17:00:00+00:00,0.24804,DOGEUSDT
2021-07-02 17:00:00+00:00,0.24279,DOGEUSDT
2021-07-03 17:00:00+00:00,0.24847,DOGEUSDT
2021-07-04 17:00:00+00:00,0.24934,DOGEUSDT
2021-07-05 17:00:00+00:00,0.23234,DOGEUSDT
2021-07-06 17:00:00+00:00,0.23157,DOGEUSDT
2021-07-07 17:00:00+00:00,0.23159,DOGEUSDT
2021-07-08 17:00:00+00:00,0.21395,DOGEUSDT
2021-07-09 17:00:00+00:00,0.22053,DOGEUSDT
2021-07-10 17:00:00+00:00,0.21111,DOGEUSDT
2021-07-11 17:00:00+00:00,0.21591,DOGEUSDT
2021-07-12 17:00:00+00:00,0.2063,DOGEUSDT
2021-07-13 17:00:00+00:00,0.20253,DOGEUSDT
2021-07-14 17:00:00+00:00,0.19998,DOGEUSDT
2021-07-15 17:00:00+00:00,0.18191,DOGEUSDT
2021-07-16 17:00:00+00:00,0.17953,DOGEUSDT
2021-07-17 17:00:00+00:00,0.18075,DOGEUSDT
2021-07-18 17:00:00+00:00,0.18446,DOGEUSDT
2021-07-19 17:00:00+00:00,0.17409,DOGEUSDT
2021-07-20 17:00:00+00:00,0.16977,DOGEUSDT
2021-07-21 17:00:00+00:00,0.20229,DOGEUSDT
2021-07-22 17:00:00+00:00,0.19282,DOGEUSDT
2021-07-23 17:00:00+00:00,0.18542,DOGEUSDT
2021-07-24 17:00:00+00:00,0.19925,DOGEUSDT
2021-07-25 17:00:00+00:00,0.1949,DOGEUSDT
2021-07-26 17:00:00+00:00,0.2201,DOGEUSDT
2021-07-27 17:00:00+00:00,0.19964,DOGEUSDT
2021-07-28 17:00:00+00:00,0.20247,DOGEUSDT
2021-07-29 17:00:00+00:00,0.2033,DOGEUSDT
2021-07-30 17:00:00+00:00,0.20275,DOGEUSDT
2021-07-31 17:00:00+00:00,0.20667,DOGEUSDT
2021-08-01 17:00:00+00:00,0.2086,DOGEUSDT
2021-08-02 17:00:00+00:00,0.2048,DOGEUSDT
2021-08-03 17:00:00+00:00,0.19488,DOGEUSDT
2021-08-04 17:00:00+00:00,0.20058,DOGEUSDT
2021-08-05 17:00:00+00:00,0.20109,DOGEUSDT
2021-08-06 17:00:00+00:00,0.20607,DOGEUSDT
2021-08-07 17:00:00+00:00,0.24337,DOGEUSDT
2021-08-08 17:00:00+00:00,0.24302,DOGEUSDT
2021-08-09 17:00:00+00:00,0.25523,DOGEUSDT
2021-08-10 17:00:00+00:00,0.24886,DOGEUSDT
2021-08-11 17:00:00+00:00,0.28028,DOGEUSDT
2021-08-12 17:00:00+00:00,0.25917,DOGEUSDT
2021-08-13 17:00:00+00:00,0.27533,DOGEUSDT
2021-08-14 17:00:00+00:00,0.28681,DOGEUSDT
2021-08-15 17:00:00+00:00,0.30638,DOGEUSDT
2021-08-16 17:00:00+00:00,0.33619,DOGEUSDT
2021-08-17 17:00:00+00:00,0.32021,DOGEUSDT
2021-08-18 17:00:00+00:00,0.32032,DOGEUSDT
2021-08-19 17:00:00+00:00,0.30291,DOGEUSDT
2021-08-20 17:00:00+00:00,0.32499,DOGEUSDT
2021-08-21 17:00:00+00:00,0.32359,DOGEUSDT
2021-08-22 17:00:00+00:00,0.31,DOGEUSDT
2021-08-23 17:00:00+00:00,0.31658,DOGEUSDT
2021-08-24 17:00:00+00:00,0.28917,DOGEUSDT
2021-08-25 17:00:00+00:00,0.2928,DOGEUSDT
2021-08-26 17:00:00+00:00,0.2704,DOGEUSDT
2021-08-27 17:00:00+00:00,0.2839,DOGEUSDT
2021-08-28 17:00:00+00:00,0.2855,DOGEUSDT
2021-08-29 17:00:00+00:00,0.2809,DOGEUSDT
2021-08-30 17:00:00+00:00,0.2786,DOGEUSDT
2021-08-31 17:00:00+00:00,0.277,DOGEUSDT
2021-09-01 17:00:00+00:00,0.2857,DOGEUSDT
2021-09-02 17:00:00+00:00,0.2976,DOGEUSDT
2021-09-03 17:00:00+00:00,0.2977,DOGEUSDT
2021-09-04 17:00:00+00:00,0.3003,DOGEUSDT
2021-09-05 17:00:00+00:00,0.3061,DOGEUSDT
2021-09-06 17:00:00+00:00,0.3066,DOGEUSDT
2021-09-07 17:00:00+00:00,0.2488,DOGEUSDT
2021-09-08 17:00:00+00:00,0.2557,DOGEUSDT
2021-09-09 17:00:00+00:00,0.255,DOGEUSDT
2021-09-10 17:00:00+00:00,0.2452,DOGEUSDT
2021-09-11 17:00:00+00:00,0.2448,DOGEUSDT
2021-09-12 17:00:00+00:00,0.2461,DOGEUSDT
2021-09-13 17:00:00+00:00,0.2343,DOGEUSDT
2021-09-14 17:00:00+00:00,0.2397,DOGEUSDT
2021-09-15 17:00:00+00:00,0.2456,DOGEUSDT
2021-09-16 17:00:00+00:00,0.2392,DOGEUSDT
2021-09-17 17:00:00+00:00,0.2409,DOGEUSDT
2021-09-18 17:00:00+00:00,0.2416,DOGEUSDT
2021-09-19 17:00:00+00:00,0.2364,DOGEUSDT
2021-09-20 17:00:00+00:00,0.2149,DOGEUSDT
2021-09-21 17:00:00+00:00,0.2063,DOGEUSDT
2021-09-22 17:00:00+00:00,0.2199,DOGEUSDT
2021-09-23 17:00:00+00:00,0.2238,DOGEUSDT
2021-09-24 17:00:00+00:00,0.2073,DOGEUSDT
2021-09-25 17:00:00+00:00,0.2087,DOGEUSDT
2021-09-26 17:00:00+00:00,0.2063,DOGEUSDT
2021-09-27 17:00:00+00:00,0.2016,DOGEUSDT
2021-09-28 17:00:00+00:00,0.1984,DOGEUSDT
2021-09-29 17:00:00+00:00,0.1975,DOGEUSDT
2021-09-30 17:00:00+00:00,0.2028,DOGEUSDT
2021-10-01 17:00:00+00:00,0.2177,DOGEUSDT
2021-10-02 17:00:00+00:00,0.2238,DOGEUSDT
2021-10-03 17:00:00+00:00,0.2234,DOGEUSDT
2021-10-04 17:00:00+00:00,0.2294,DOGEUSDT
2021-10-05 17:00:00+00:00,0.2557,DOGEUSDT
2021-10-06 17:00:00+00:00,0.2535,DOGEUSDT
2021-10-07 17:00:00+00:00,0.242,DOGEUSDT
2021-10-08 17:00:00+00:00,0.2462,DOGEUSDT
2021-10-09 17:00:00+00:00,0.2486,DOGEUSDT
2021-10-10 17:00:00+00:00,0.2409,DOGEUSDT
2021-10-11 17:00:00+00:00,0.232,DOGEUSDT
2021-10-12 17:00:00+00:00,0.2217,DOGEUSDT
2021-10-13 17:00:00+00:00,0.2276,DOGEUSDT
2021-10-14 17:00:00+00:00,0.235,DOGEUSDT
2021-10-15 17:00:00+00:00,0.233,DOGEUSDT
2021-10-16 17:00:00+00:00,0.2383,DOGEUSDT
2021-10-17 17:00:00+00:00,0.2366,DOGEUSDT
2021-10-18 17:00:00+00:00,0.2532,DOGEUSDT
2021-10-19 17:00:00+00:00,0.2439,DOGEUSDT
2021-10-20 17:00:00+00:00,0.2534,DOGEUSDT
2021-10-21 17:00:00+00:00,0.2434,DOGEUSDT
2021-10-22 17:00:00+00:00,0.2378,DOGEUSDT
2021-10-23 17:00:00+00:00,0.2503,DOGEUSDT
2021-10-24 17:00:00+00:00,0.257,DOGEUSDT
2021-10-25 17:00:00+00:00,0.2633,DOGEUSDT
2021-10-26 17:00:00+00:00,0.2675,DOGEUSDT
2021-10-27 17:00:00+00:00,0.2472,DOGEUSDT
2021-10-28 17:00:00+00:00,0.3269,DOGEUSDT
2021-10-29 17:00:00+00:00,0.2885,DOGEUSDT
2021-10-30 17:00:00+00:00,0.27,DOGEUSDT
2021-10-31 17:00:00+00:00,0.2605,DOGEUSDT
2021-11-01 17:00:00+00:00,0.2699,DOGEUSDT
2021-11-02 17:00:00+00:00,0.2724,DOGEUSDT
2021-11-03 17:00:00+00:00,0.2679,DOGEUSDT
2021-11-04 17:00:00+00:00,0.2568,DOGEUSDT
2021-11-05 17:00:00+00:00,0.2611,DOGEUSDT
2021-11-06 17:00:00+00:00,0.2577,DOGEUSDT
2021-11-07 17:00:00+00:00,0.2666,DOGEUSDT
2021-11-08 17:00:00+00:00,0.279,DOGEUSDT
2021-11-09 17:00:00+00:00,0.2753,DOGEUSDT
2021-11-10 17:00:00+00:00,0.2708,DOGEUSDT
2021-11-11 17:00:00+00:00,0.2618,DOGEUSDT
2021-11-12 17:00:00+00:00,0.2563,DOGEUSDT
2021-11-13 17:00:00+00:00,0.2609,DOGEUSDT
2021-11-14 17:00:00+00:00,0.262,DOGEUSDT
2021-11-15 17:00:00+00:00,0.2581,DOGEUSDT
2021-11-16 17:00:00+00:00,0.2398,DOGEUSDT
2021-11-17 17:00:00+00:00,0.2377,DOGEUSDT
2021-11-18 17:00:00+00:00,0.2237,DOGEUSDT
2021-11-19 17:00:00+00:00,0.2334,DOGEUSDT
2021-11-20 17:00:00+00:00,0.2265,DOGEUSDT
2021-11-21 17:00:00+00:00,0.2288,DOGEUSDT
2021-11-22 17:00:00+00:00,0.2215,DOGEUSDT
2021-11-23 17:00:00+00:00,0.2277,DOGEUSDT
2021-11-24 17:00:00+00:00,0.2156,DOGEUSDT
2021-11-25 17:00:00+00:00,0.2245,DOGEUSDT
2021-11-26 17:00:00+00:00,0.2035,DOGEUSDT
2021-11-27 17:00:00+00:00,0.2074,DOGEUSDT
2021-11-28 17:00:00+00:00,0.1954,DOGEUSDT
2021-11-29 17:00:00+00:00,0.2158,DOGEUSDT
2021-11-30 17:00:00+00:00,0.2158,DOGEUSDT
2021-12-01 17:00:00+00:00,0.2132,DOGEUSDT
2021-12-02 17:00:00+00:00,0.2098,DOGEUSDT
2021-12-03 17:00:00+00:00,0.2022,DOGEUSDT
2021-12-04 17:00:00+00:00,0.1751,DOGEUSDT
2021-12-05 17:00:00+00:00,0.1707,DOGEUSDT
2021-12-06 17:00:00+00:00,0.1729,DOGEUSDT
2021-12-07 17:00:00+00:00,0.1796,DOGEUSDT
2021-12-08 17:00:00+00:00,0.1788,DOGEUSDT
2021-12-09 17:00:00+00:00,0.1731,DOGEUSDT
2021-12-10 17:00:00+00:00,0.1692,DOGEUSDT
2021-12-11 17:00:00+00:00,0.1684,DOGEUSDT
2021-12-12 17:00:00+00:00,0.1713,DOGEUSDT
2021-12-13 17:00:00+00:00,0.1596,DOGEUSDT
2021-12-14 17:00:00+00:00,0.1868,DOGEUSDT
2021-12-15 17:00:00+00:00,0.1747,DOGEUSDT
2021-12-16 17:00:00+00:00,0.1767,DOGEUSDT
2021-12-17 17:00:00+00:00,0.1693,DOGEUSDT
2021-12-18 17:00:00+00:00,0.1714,DOGEUSDT
2021-12-19 17:00:00+00:00,0.1717,DOGEUSDT
2021-12-20 17:00:00+00:00,0.1634,DOGEUSDT
2021-12-21 17:00:00+00:00,0.1696,DOGEUSDT
2021-12-22 17:00:00+00:00,0.1745,DOGEUSDT
2021-12-23 17:00:00+00:00,0.1816,DOGEUSDT
2021-12-24 17:00:00+00:00,0.1923,DOGEUSDT
2021-12-25 17:00:00+00:00,0.1889,DOGEUSDT
2021-12-26 17:00:00+00:00,0.1898,DOGEUSDT
2021-12-27 17:00:00+00:00,0.1921,DOGEUSDT
2021-12-28 17:00:00+00:00,0.175,DOGEUSDT
2021-12-29 17:00:00+00:00,0.1711,DOGEUSDT
2021-12-30 17:00:00+00:00,0.1732,DOGEUSDT
2021-12-31 17:00:00+00:00,0.1712,DOGEUSDT
2022-01-01 17:00:00+00:00,0.1731,DOGEUSDT
2022-01-02 17:00:00+00:00,0.1742,DOGEUSDT
2022-01-03 17:00:00+00:00,0.1703,DOGEUSDT
2022-01-04 17:00:00+00:00,0.1702,DOGEUSDT
2022-01-05 17:00:00+00:00,0.1674,DOGEUSDT
2022-01-06 17:00:00+00:00,0.1594,DOGEUSDT
2022-01-07 17:00:00+00:00,0.1552,DOGEUSDT
2022-01-08 17:00:00+00:00,0.149,DOGEUSDT
2022-01-09 17:00:00+00:00,0.1525,DOGEUSDT
2022-01-10 17:00:00+00:00,0.1418,DOGEUSDT
2022-01-11 17:00:00+00:00,0.1514,DOGEUSDT
2022-01-12 17:00:00+00:00,0.1608,DOGEUSDT
2022-01-13 17:00:00+00:00,0.1628,DOGEUSDT
2022-01-14 17:00:00+00:00,0.1868,DOGEUSDT
2022-01-15 17:00:00+00:00,0.1884,DOGEUSDT
2022-01-16 17:00:00+00:00,0.1766,DOGEUSDT
2022-01-17 17:00:00+00:00,0.1682,DOGEUSDT
2022-01-18 17:00:00+00:00,0.1623,DOGEUSDT
2022-01-19 17:00:00+00:00,0.1643,DOGEUSDT
2022-01-20 17:00:00+00:00,0.1655,DOGEUSDT
2022-01-21 17:00:00+00:00,0.1512,DOGEUSDT
2022-01-22 17:00:00+00:00,0.1269,DOGEUSDT
2022-01-23 17:00:00+00:00,0.1392,DOGEUSDT
2022-01-24 17:00:00+00:00,0.1327,DOGEUSDT
2022-01-25 17:00:00+00:00,0.1423,DOGEUSDT
2022-01-26 17:00:00+00:00,0.1485,DOGEUSDT
2022-01-27 17:00:00+00:00,0.1413,DOGEUSDT
2022-01-28 17:00:00+00:00,0.1395,DOGEUSDT
2022-01-29 17:00:00+00:00,0.1418,DOGEUSDT
2022-01-30 17:00:00+00:00,0.1412,DOGEUSDT
2022-01-31 17:00:00+00:00,0.1415,DOGEUSDT
2022-02-01 17:00:00+00:00,0.1428,DOGEUSDT
2022-02-02 17:00:00+00:00,0.1401,DOGEUSDT
2022-02-03 17:00:00+00:00,0.137,DOGEUSDT
2022-02-04 17:00:00+00:00,0.1437,DOGEUSDT
2022-02-05 17:00:00+00:00,0.1476,DOGEUSDT
2022-02-06 17:00:00+00:00,0.147,DOGEUSDT
2022-02-07 17:00:00+00:00,0.1668,DOGEUSDT
2022-02-08 17:00:00+00:00,0.1547,DOGEUSDT
2022-02-09 17:00:00+00:00,0.1591,DOGEUSDT
2022-02-10 17:00:00+00:00,0.1567,DOGEUSDT
2022-02-11 17:00:00+00:00,0.1517,DOGEUSDT
2022-02-12 17:00:00+00:00,0.146,DOGEUSDT
2022-02-13 17:00:00+00:00,0.1561,DOGEUSDT
2022-02-14 17:00:00+00:00,0.1463,DOGEUSDT
2022-02-15 17:00:00+00:00,0.1493,DOGEUSDT
2022-02-16 17:00:00+00:00,0.1475,DOGEUSDT
2022-02-17 17:00:00+00:00,0.143,DOGEUSDT
2022-02-18 17:00:00+00:00,0.1381,DOGEUSDT
2022-02-19 17:00:00+00:00,0.142,DOGEUSDT
2022-02-20 17:00:00+00:00,0.1372,DOGEUSDT
2022-02-21 17:00:00+00:00,0.1364,DOGEUSDT
2022-02-22 17:00:00+00:00,0.1293,DOGEUSDT
2022-02-23 17:00:00+00:00,0.1313,DOGEUSDT
2022-02-24 17:00:00+00:00,0.1173,DOGEUSDT
2022-02-25 17:00:00+00:00,0.1249,DOGEUSDT
2022-02-26 17:00:00+00:00,0.1277,DOGEUSDT
2022-02-27 17:00:00+00:00,0.1265,DOGEUSDT
2022-02-28 17:00:00+00:00,0.1283,DOGEUSDT
2022-03-01 17:00:00+00:00,0.133,DOGEUSDT
2022-03-02 17:00:00+00:00,0.1321,DOGEUSDT
2022-03-03 17:00:00+00:00,0.1289,DOGEUSDT
2022-03-04 17:00:00+00:00,0.1267,DOGEUSDT
2022-03-05 17:00:00+00:00,0.1251,DOGEUSDT
2022-03-06 17:00:00+00:00,0.1222,DOGEUSDT
2022-03-07 17:00:00+00:00,0.1199,DOGEUSDT
2022-03-08 17:00:00+00:00,0.1176,DOGEUSDT
2022-03-09 17:00:00+00:00,0.1229,DOGEUSDT
2022-03-10 17:00:00+00:00,0.1157,DOGEUSDT
2022-03-11 17:00:00+00:00,0.1153,DOGEUSDT
2022-03-12 17:00:00+00:00,0.1158,DOGEUSDT
2022-03-13 17:00:00+00:00,0.1145,DOGEUSDT
2022-03-14 17:00:00+00:00,0.1126,DOGEUSDT
2022-03-15 17:00:00+00:00,0.1129,DOGEUSDT
2022-03-16 17:00:00+00:00,0.1142,DOGEUSDT
2022-03-17 17:00:00+00:00,0.1168,DOGEUSDT
2022-03-18 17:00:00+00:00,0.1174,DOGEUSDT
2022-03-19 17:00:00+00:00,0.1232,DOGEUSDT
2022-03-20 17:00:00+00:00,0.1178,DOGEUSDT
2022-03-21 17:00:00+00:00,0.1195,DOGEUSDT
2022-03-22 17:00:00+00:00,0.1232,DOGEUSDT
2022-03-23 17:00:00+00:00,0.128,DOGEUSDT
2022-03-24 17:00:00+00:00,0.1355,DOGEUSDT
2022-03-25 17:00:00+00:00,0.1298,DOGEUSDT
2022-03-26 17:00:00+00:00,0.1334,DOGEUSDT
2022-03-27 17:00:00+00:00,0.141,DOGEUSDT
2022-03-28 17:00:00+00:00,0.1509,DOGEUSDT
2022-03-29 17:00:00+00:00,0.1449,DOGEUSDT
2022-03-30 17:00:00+00:00,0.1444,DOGEUSDT
2022-03-31 17:00:00+00:00,0.1392,DOGEUSDT
2022-04-01 17:00:00+00:00,0.141,DOGEUSDT
2022-04-02 17:00:00+00:00,0.141,DOGEUSDT
2022-04-03 17:00:00+00:00,0.1456,DOGEUSDT
2022-04-04 17:00:00+00:00,0.1436,DOGEUSDT
2022-04-05 17:00:00+00:00,0.1698,DOGEUSDT
2022-04-06 17:00:00+00:00,0.1481,DOGEUSDT
2022-04-07 17:00:00+00:00,0.144,DOGEUSDT
2022-04-08 17:00:00+00:00,0.1453,DOGEUSDT
2022-04-09 17:00:00+00:00,0.1438,DOGEUSDT
2022-04-10 17:00:00+00:00,0.1551,DOGEUSDT
2022-04-11 17:00:00+00:00,0.1405,DOGEUSDT
2022-04-12 17:00:00+00:00,0.1376,DOGEUSDT
2022-04-13 17:00:00+00:00,0.1396,DOGEUSDT
2022-04-14 17:00:00+00:00,0.1423,DOGEUSDT
2022-04-15 17:00:00+00:00,0.1461,DOGEUSDT
2022-04-16 17:00:00+00:00,0.1423,DOGEUSDT
2022-04-17 17:00:00+00:00,0.1415,DOGEUSDT
2022-04-18 17:00:00+00:00,0.1381,DOGEUSDT
2022-04-19 17:00:00+00:00,0.1421,DOGEUSDT
2022-04-20 17:00:00+00:00,0.1415,DOGEUSDT
2022-04-21 17:00:00+00:00,0.1392,DOGEUSDT
2022-04-22 17:00:00+00:00,0.1355,DOGEUSDT
2022-04-23 17:00:00+00:00,0.1354,DOGEUSDT
2022-04-24 17:00:00+00:00,0.1316,DOGEUSDT
2022-04-25 17:00:00+00:00,0.1506,DOGEUSDT
2022-04-26 17:00:00+00:00,0.1416,DOGEUSDT
2022-04-27 17:00:00+00:00,0.1401,DOGEUSDT
2022-04-28 17:00:00+00:00,0.1392,DOGEUSDT
2022-04-29 17:00:00+00:00,0.1376,DOGEUSDT
2022-04-30 17:00:00+00:00,0.1311,DOGEUSDT
2022-05-01 17:00:00+00:00,0.1329,DOGEUSDT
2022-05-02 17:00:00+00:00,0.1283,DOGEUSDT
2022-05-03 17:00:00+00:00,0.1293,DOGEUSDT
2022-05-04 17:00:00+00:00,0.1308,DOGEUSDT
2022-05-05 17:00:00+00:00,0.1282,DOGEUSDT
2022-05-06 17:00:00+00:00,0.1263,DOGEUSDT
2022-05-07 17:00:00+00:00,0.13,DOGEUSDT
2022-05-08 17:00:00+00:00,0.1246,DOGEUSDT
2022-05-09 17:00:00+00:00,0.1097,DOGEUSDT
2022-05-10 17:00:00+00:00,0.1135,DOGEUSDT
2022-05-11 17:00:00+00:00,0.0871,DOGEUSDT
2022-05-12 17:00:00+00:00,0.0837,DOGEUSDT
2022-05-13 17:00:00+00:00,0.0884,DOGEUSDT
2022-05-14 17:00:00+00:00,0.0881,DOGEUSDT
2022-05-15 17:00:00+00:00,0.0895,DOGEUSDT
2022-05-16 17:00:00+00:00,0.0876,DOGEUSDT
2022-05-17 17:00:00+00:00,0.0888,DOGEUSDT
2022-05-18 17:00:00+00:00,0.0852,DOGEUSDT
2022-05-19 17:00:00+00:00,0.0868,DOGEUSDT
2022-05-20 17:00:00+00:00,0.0834,DOGEUSDT
2022-05-21 17:00:00+00:00,0.0845,DOGEUSDT
2022-05-22 17:00:00+00:00,0.0851,DOGEUSDT
2022-05-23 17:00:00+00:00,0.0866,DOGEUSDT
2022-05-24 17:00:00+00:00,0.0826,DOGEUSDT
2022-05-25 17:00:00+00:00,0.083,DOGEUSDT
2022-05-26 17:00:00+00:00,0.08,DOGEUSDT
2022-05-27 17:00:00+00:00,0.0804,DOGEUSDT
2022-05-28 17:00:00+00:00,0.0816,DOGEUSDT
2022-05-29 17:00:00+00:00,0.082,DOGEUSDT
2022-05-30 17:00:00+00:00,0.0853,DOGEUSDT
2022-05-31 17:00:00+00:00,0.08589,DOGEUSDT
2022-06-01 17:00:00+00:00,0.08252,DOGEUSDT
2022-06-02 17:00:00+00:00,0.08201,DOGEUSDT
2022-06-03 17:00:00+00:00,0.08018,DOGEUSDT
2022-06-04 17:00:00+00:00,0.08137,DOGEUSDT
2022-06-05 17:00:00+00:00,0.08189,DOGEUSDT
2022-06-06 17:00:00+00:00,0.08218,DOGEUSDT
2022-06-07 17:00:00+00:00,0.08005,DOGEUSDT
2022-06-08 17:00:00+00:00,0.08003,DOGEUSDT
2022-06-09 17:00:00+00:00,0.07978,DOGEUSDT
2022-06-10 17:00:00+00:00,0.07504,DOGEUSDT
2022-06-11 17:00:00+00:00,0.06988,DOGEUSDT
2022-06-12 17:00:00+00:00,0.06797,DOGEUSDT
2022-06-13 17:00:00+00:00,0.05532,DOGEUSDT
2022-06-14 17:00:00+00:00,0.05512,DOGEUSDT
2022-06-15 17:00:00+00:00,0.0546,DOGEUSDT
2022-06-16 17:00:00+00:00,0.05791,DOGEUSDT
2022-06-17 17:00:00+00:00,0.05645,DOGEUSDT
2022-06-18 17:00:00+00:00,0.05214,DOGEUSDT
2022-06-19 17:00:00+00:00,0.05727,DOGEUSDT
2022-06-20 17:00:00+00:00,0.05901,DOGEUSDT
2022-06-21 17:00:00+00:00,0.06618,DOGEUSDT
2022-06-22 17:00:00+00:00,0.0626,DOGEUSDT
2022-06-23 17:00:00+00:00,0.06226,DOGEUSDT
2022-06-24 17:00:00+00:00,0.06586,DOGEUSDT
2022-06-25 17:00:00+00:00,0.0665,DOGEUSDT
2022-06-26 17:00:00+00:00,0.07367,DOGEUSDT
2022-06-27 17:00:00+00:00,0.0721,DOGEUSDT
2022-06-28 17:00:00+00:00,0.06856,DOGEUSDT
2022-06-29 17:00:00+00:00,0.06932,DOGEUSDT
2022-06-30 17:00:00+00:00,0.06519,DOGEUSDT
2022-07-01 17:00:00+00:00,0.06641,DOGEUSDT
2022-07-02 17:00:00+00:00,0.06682,DOGEUSDT
2022-07-03 17:00:00+00:00,0.06589,DOGEUSDT
2022-07-04 17:00:00+00:00,0.06827,DOGEUSDT
2022-07-05 17:00:00+00:00,0.06688,DOGEUSDT
2022-07-06 17:00:00+00:00,0.06807,DOGEUSDT
2022-07-07 17:00:00+00:00,0.07009,DOGEUSDT
2022-07-08 17:00:00+00:00,0.06976,DOGEUSDT
2022-07-09 17:00:00+00:00,0.06994,DOGEUSDT
2022-07-10 17:00:00+00:00,0.06676,DOGEUSDT
2022-07-11 17:00:00+00:00,0.06444,DOGEUSDT
2022-07-12 17:00:00+00:00,0.0617,DOGEUSDT
2022-07-13 17:00:00+00:00,0.06041,DOGEUSDT
2022-07-14 17:00:00+00:00,0.06233,DOGEUSDT
2022-07-15 17:00:00+00:00,0.06259,DOGEUSDT
2022-07-16 17:00:00+00:00,0.0641,DOGEUSDT
2022-07-17 17:00:00+00:00,0.06375,DOGEUSDT
2022-07-18 17:00:00+00:00,0.06663,DOGEUSDT
2022-07-19 17:00:00+00:00,0.06913,DOGEUSDT
2022-07-20 17:00:00+00:00,0.07008,DOGEUSDT
2022-07-21 17:00:00+00:00,0.06899,DOGEUSDT
2022-07-22 17:00:00+00:00,0.06816,DOGEUSDT
2022-07-23 17:00:00+00:00,0.06647,DOGEUSDT
2022-07-24 17:00:00+00:00,0.06829,DOGEUSDT
2022-07-25 17:00:00+00:00,0.06476,DOGEUSDT
2022-07-26 17:00:00+00:00,0.06076,DOGEUSDT
2022-07-27 17:00:00+00:00,0.06284,DOGEUSDT
2022-07-28 17:00:00+00:00,0.06976,DOGEUSDT
2022-07-29 17:00:00+00:00,0.06829,DOGEUSDT
2022-07-30 17:00:00+00:00,0.07242,DOGEUSDT
2022-07-31 17:00:00+00:00,0.07098,DOGEUSDT
2022-08-01 17:00:00+00:00,0.06763,DOGEUSDT
2022-08-02 17:00:00+00:00,0.06764,DOGEUSDT
2022-08-03 17:00:00+00:00,0.06782,DOGEUSDT
2022-08-04 17:00:00+00:00,0.06631,DOGEUSDT
2022-08-05 17:00:00+00:00,0.06861,DOGEUSDT
2022-08-06 17:00:00+00:00,0.06923,DOGEUSDT
2022-08-07 17:00:00+00:00,0.06966,DOGEUSDT
2022-08-08 17:00:00+00:00,0.07024,DOGEUSDT
2022-08-09 17:00:00+00:00,0.06891,DOGEUSDT
2022-08-10 17:00:00+00:00,0.0707,DOGEUSDT
2022-08-11 17:00:00+00:00,0.07167,DOGEUSDT
2022-08-12 17:00:00+00:00,0.07115,DOGEUSDT
2022-08-13 17:00:00+00:00,0.07399,DOGEUSDT
2022-08-14 17:00:00+00:00,0.07884,DOGEUSDT
2022-08-15 17:00:00+00:00,0.07777,DOGEUSDT
2022-08-16 17:00:00+00:00,0.08522,DOGEUSDT
2022-08-17 17:00:00+00:00,0.08297,DOGEUSDT
2022-08-18 17:00:00+00:00,0.0776,DOGEUSDT
2022-08-19 17:00:00+00:00,0.07007,DOGEUSDT
2022-08-20 17:00:00+00:00,0.06866,DOGEUSDT
2022-08-21 17:00:00+00:00,0.06913,DOGEUSDT
2022-08-22 17:00:00+00:00,0.06697,DOGEUSDT
2022-08-23 17:00:00+00:00,0.06796,DOGEUSDT
2022-08-24 17:00:00+00:00,0.06911,DOGEUSDT
2022-08-25 17:00:00+00:00,0.06853,DOGEUSDT
2022-08-26 17:00:00+00:00,0.06533,DOGEUSDT
2022-08-27 17:00:00+00:00,0.06291,DOGEUSDT
2022-08-28 17:00:00+00:00,0.06384,DOGEUSDT
2022-08-29 17:00:00+00:00,0.0633,DOGEUSDT
2022-08-30 17:00:00+00:00,0.06073,DOGEUSDT
2022-08-31 17:00:00+00:00,0.0614,DOGEUSDT
2022-09-01 17:00:00+00:00,0.06156,DOGEUSDT
2022-09-02 17:00:00+00:00,0.06138,DOGEUSDT
2022-09-03 17:00:00+00:00,0.06263,DOGEUSDT
2022-09-04 17:00:00+00:00,0.06334,DOGEUSDT
2022-09-05 17:00:00+00:00,0.06217,DOGEUSDT
2022-09-06 17:00:00+00:00,0.05978,DOGEUSDT
2022-09-07 17:00:00+00:00,0.06079,DOGEUSDT
2022-09-08 17:00:00+00:00,0.06031,DOGEUSDT
2022-09-09 17:00:00+00:00,0.06285,DOGEUSDT
2022-09-10 17:00:00+00:00,0.06417,DOGEUSDT
2022-09-11 17:00:00+00:00,0.06417,DOGEUSDT
2022-09-12 17:00:00+00:00,0.06385,DOGEUSDT
2022-09-13 17:00:00+00:00,0.06064,DOGEUSDT
2022-09-14 17:00:00+00:00,0.06096,DOGEUSDT
2022-09-15 17:00:00+00:00,0.05939,DOGEUSDT
2022-09-16 17:00:00+00:00,0.05928,DOGEUSDT
2022-09-17 17:00:00+00:00,0.06229,DOGEUSDT
2022-09-18 17:00:00+00:00,0.05972,DOGEUSDT
2022-09-19 17:00:00+00:00,0.05732,DOGEUSDT
2022-09-20 17:00:00+00:00,0.05847,DOGEUSDT
2022-09-21 17:00:00+00:00,0.05948,DOGEUSDT
2022-09-22 17:00:00+00:00,0.05916,DOGEUSDT
2022-09-23 17:00:00+00:00,0.06175,DOGEUSDT
2022-09-24 17:00:00+00:00,0.0653,DOGEUSDT
2022-09-25 17:00:00+00:00,0.06211,DOGEUSDT
2022-09-26 17:00:00+00:00,0.06066,DOGEUSDT
2022-09-27 17:00:00+00:00,0.06014,DOGEUSDT
2022-09-28 17:00:00+00:00,0.06047,DOGEUSDT
2022-09-29 17:00:00+00:00,0.05985,DOGEUSDT
2022-09-30 17:00:00+00:00,0.06051,DOGEUSDT
2022-10-01 17:00:00+00:00,0.06043,DOGEUSDT
2022-10-02 17:00:00+00:00,0.05994,DOGEUSDT
2022-10-03 17:00:00+00:00,0.06027,DOGEUSDT
2022-10-04 17:00:00+00:00,0.06401,DOGEUSDT
2022-10-05 17:00:00+00:00,0.06464,DOGEUSDT
2022-10-06 17:00:00+00:00,0.06395,DOGEUSDT
2022-10-07 17:00:00+00:00,0.06162,DOGEUSDT
2022-10-08 17:00:00+00:00,0.06236,DOGEUSDT
2022-10-09 17:00:00+00:00,0.06209,DOGEUSDT
2022-10-10 17:00:00+00:00,0.06071,DOGEUSDT
2022-10-11 17:00:00+00:00,0.06027,DOGEUSDT
2022-10-12 17:00:00+00:00,0.0595,DOGEUSDT
2022-10-13 17:00:00+00:00,0.05935,DOGEUSDT
2022-10-14 17:00:00+00:00,0.05917,DOGEUSDT
2022-10-15 17:00:00+00:00,0.05864,DOGEUSDT
2022-10-16 17:00:00+00:00,0.05869,DOGEUSDT
2022-10-17 17:00:00+00:00,0.05969,DOGEUSDT
2022-10-18 17:00:00+00:00,0.0602,DOGEUSDT
2022-10-19 17:00:00+00:00,0.05915,DOGEUSDT
2022-10-20 17:00:00+00:00,0.05983,DOGEUSDT
2022-10-21 17:00:00+00:00,0.05901,DOGEUSDT
2022-10-22 17:00:00+00:00,0.05948,DOGEUSDT
2022-10-23 17:00:00+00:00,0.05976,DOGEUSDT
2022-10-24 17:00:00+00:00,0.05903,DOGEUSDT
2022-10-25 17:00:00+00:00,0.0638,DOGEUSDT
2022-10-26 17:00:00+00:00,0.06931,DOGEUSDT
2022-10-27 17:00:00+00:00,0.07729,DOGEUSDT
2022-10-28 17:00:00+00:00,0.08536,DOGEUSDT
2022-10-29 17:00:00+00:00,0.13685,DOGEUSDT
2022-10-30 17:00:00+00:00,0.1161,DOGEUSDT
2022-10-31 17:00:00+00:00,0.12742,DOGEUSDT
2022-11-01 17:00:00+00:00,0.13927,DOGEUSDT
2022-11-02 17:00:00+00:00,0.13136,DOGEUSDT
2022-11-03 17:00:00+00:00,0.12801,DOGEUSDT
2022-11-04 17:00:00+00:00,0.1233,DOGEUSDT
2022-11-05 17:00:00+00:00,0.12791,DOGEUSDT
2022-11-06 17:00:00+00:00,0.12334,DOGEUSDT
2022-11-07 17:00:00+00:00,0.11498,DOGEUSDT
2022-11-08 17:00:00+00:00,0.09955,DOGEUSDT
2022-11-09 17:00:00+00:00,0.08295,DOGEUSDT
2022-11-10 17:00:00+00:00,0.08648,DOGEUSDT
2022-11-11 17:00:00+00:00,0.0833,DOGEUSDT
2022-11-12 17:00:00+00:00,0.08991,DOGEUSDT
2022-11-13 17:00:00+00:00,0.08624,DOGEUSDT
2022-11-14 17:00:00+00:00,0.08505,DOGEUSDT
2022-11-15 17:00:00+00:00,0.08799,DOGEUSDT
2022-11-16 17:00:00+00:00,0.08517,DOGEUSDT
2022-11-17 17:00:00+00:00,0.08468,DOGEUSDT
2022-11-18 17:00:00+00:00,0.08394,DOGEUSDT
2022-11-19 17:00:00+00:00,0.08394,DOGEUSDT
2022-11-20 17:00:00+00:00,0.08057,DOGEUSDT
2022-11-21 17:00:00+00:00,0.07468,DOGEUSDT
2022-11-22 17:00:00+00:00,0.07699,DOGEUSDT
2022-11-23 17:00:00+00:00,0.07991,DOGEUSDT
2022-11-24 17:00:00+00:00,0.08099,DOGEUSDT
2022-11-25 17:00:00+00:00,0.08957,DOGEUSDT
2022-11-26 17:00:00+00:00,0.09122,DOGEUSDT
2022-11-27 17:00:00+00:00,0.1035,DOGEUSDT
2022-11-28 17:00:00+00:00,0.09601,DOGEUSDT
2022-11-29 17:00:00+00:00,0.10056,DOGEUSDT
2022-11-30 17:00:00+00:00,0.10159,DOGEUSDT
2022-12-01 17:00:00+00:00,0.10209,DOGEUSDT
2022-12-02 17:00:00+00:00,0.09864,DOGEUSDT
2022-12-03 17:00:00+00:00,0.10153,DOGEUSDT
2022-12-04 17:00:00+00:00,0.10344,DOGEUSDT
2022-12-05 17:00:00+00:00,0.10282,DOGEUSDT
2022-12-06 17:00:00+00:00,0.09915,DOGEUSDT
2022-12-07 17:00:00+00:00,0.09556,DOGEUSDT
2022-12-08 17:00:00+00:00,0.09677,DOGEUSDT
2022-12-09 17:00:00+00:00,0.09669,DOGEUSDT
2022-12-10 17:00:00+00:00,0.09675,DOGEUSDT
2022-12-11 17:00:00+00:00,0.09633,DOGEUSDT
2022-12-12 17:00:00+00:00,0.08831,DOGEUSDT
2022-12-13 17:00:00+00:00,0.0893,DOGEUSDT
2022-12-14 17:00:00+00:00,0.09106,DOGEUSDT
2022-12-15 17:00:00+00:00,0.08597,DOGEUSDT
2022-12-16 17:00:00+00:00,0.08063,DOGEUSDT
2022-12-17 17:00:00+00:00,0.07712,DOGEUSDT
2022-12-18 17:00:00+00:00,0.07817,DOGEUSDT
2022-12-19 17:00:00+00:00,0.0751,DOGEUSDT
2022-12-20 17:00:00+00:00,0.07378,DOGEUSDT
2022-12-21 17:00:00+00:00,0.07311,DOGEUSDT
2022-12-22 17:00:00+00:00,0.07468,DOGEUSDT
2022-12-23 17:00:00+00:00,0.07727,DOGEUSDT
2022-12-24 17:00:00+00:00,0.07768,DOGEUSDT
2022-12-25 17:00:00+00:00,0.07405,DOGEUSDT
2022-12-26 17:00:00+00:00,0.07563,DOGEUSDT
2022-12-27 17:00:00+00:00,0.07346,DOGEUSDT
2022-12-28 17:00:00+00:00,0.07122,DOGEUSDT
2022-12-29 17:00:00+00:00,0.07096,DOGEUSDT
2022-12-30 17:00:00+00:00,0.06815,DOGEUSDT
2022-12-31 17:00:00+00:00,0.07016,DOGEUSDT
2023-01-01 17:00:00+00:00,0.06982,DOGEUSDT
2023-01-02 17:00:00+00:00,0.07202,DOGEUSDT
2023-01-03 17:00:00+00:00,0.06987,DOGEUSDT
2023-01-04 17:00:00+00:00,0.07256,DOGEUSDT
2023-01-05 17:00:00+00:00,0.07205,DOGEUSDT
2023-01-06 17:00:00+00:00,0.07153,DOGEUSDT
2023-01-07 17:00:00+00:00,0.07195,DOGEUSDT
2023-01-08 17:00:00+00:00,0.07184,DOGEUSDT
2023-01-09 17:00:00+00:00,0.07861,DOGEUSDT
2023-01-10 17:00:00+00:00,0.07625,DOGEUSDT
2023-01-11 17:00:00+00:00,0.07543,DOGEUSDT
2023-01-12 17:00:00+00:00,0.07996,DOGEUSDT
2023-01-13 17:00:00+00:00,0.0803,DOGEUSDT
2023-01-14 17:00:00+00:00,0.08623,DOGEUSDT
2023-01-15 17:00:00+00:00,0.08539,DOGEUSDT
2023-01-16 17:00:00+00:00,0.08395,DOGEUSDT
2023-01-17 17:00:00+00:00,0.08347,DOGEUSDT
2023-01-18 17:00:00+00:00,0.08202,DOGEUSDT
2023-01-19 17:00:00+00:00,0.08065,DOGEUSDT
2023-01-20 17:00:00+00:00,0.08255,DOGEUSDT
2023-01-21 17:00:00+00:00,0.08696,DOGEUSDT
2023-01-22 17:00:00+00:00,0.09193,DOGEUSDT
2023-01-23 17:00:00+00:00,0.08862,DOGEUSDT
2023-01-24 17:00:00+00:00,0.0879,DOGEUSDT
2023-01-25 17:00:00+00:00,0.08447,DOGEUSDT
2023-01-26 17:00:00+00:00,0.08556,DOGEUSDT
2023-01-27 17:00:00+00:00,0.08686,DOGEUSDT
2023-01-28 17:00:00+00:00,0.08817,DOGEUSDT
2023-01-29 17:00:00+00:00,0.08943,DOGEUSDT
2023-01-30 17:00:00+00:00,0.08777,DOGEUSDT
2023-01-31 17:00:00+00:00,0.09549,DOGEUSDT
2023-02-01 17:00:00+00:00,0.08906,DOGEUSDT
2023-02-02 17:00:00+00:00,0.09348,DOGEUSDT
2023-02-03 17:00:00+00:00,0.09218,DOGEUSDT
2023-02-04 17:00:00+00:00,0.09888,DOGEUSDT
2023-02-05 17:00:00+00:00,0.09165,DOGEUSDT
2023-02-06 17:00:00+00:00,0.09216,DOGEUSDT
2023-02-07 17:00:00+00:00,0.09208,DOGEUSDT
2023-02-08 17:00:00+00:00,0.09031,DOGEUSDT
2023-02-09 17:00:00+00:00,0.0864,DOGEUSDT
2023-02-10 17:00:00+00:00,0.08141,DOGEUSDT
2023-02-11 17:00:00+00:00,0.08162,DOGEUSDT
2023-02-12 17:00:00+00:00,0.08421,DOGEUSDT
2023-02-13 17:00:00+00:00,0.08015,DOGEUSDT
2023-02-14 17:00:00+00:00,0.08284,DOGEUSDT
2023-02-15 17:00:00+00:00,0.08633,DOGEUSDT
2023-02-16 17:00:00+00:00,0.08993,DOGEUSDT
2023-02-17 17:00:00+00:00,0.08726,DOGEUSDT
2023-02-18 17:00:00+00:00,0.08885,DOGEUSDT
2023-02-19 17:00:00+00:00,0.08676,DOGEUSDT
2023-02-20 17:00:00+00:00,0.08796,DOGEUSDT
2023-02-21 17:00:00+00:00,0.08645,DOGEUSDT
2023-02-22 17:00:00+00:00,0.08398,DOGEUSDT
2023-02-23 17:00:00+00:00,0.08417,DOGEUSDT
2023-02-24 17:00:00+00:00,0.08056,DOGEUSDT
2023-02-25 17:00:00+00:00,0.08135,DOGEUSDT
2023-02-26 17:00:00+00:00,0.08146,DOGEUSDT
2023-02-27 17:00:00+00:00,0.08069,DOGEUSDT
2023-02-28 17:00:00+00:00,0.08192,DOGEUSDT
2023-03-01 17:00:00+00:00,0.08183,DOGEUSDT
2023-03-02 17:00:00+00:00,0.08016,DOGEUSDT
2023-03-03 17:00:00+00:00,0.07657,DOGEUSDT
2023-03-04 17:00:00+00:00,0.07566,DOGEUSDT
2023-03-05 17:00:00+00:00,0.07513,DOGEUSDT
2023-03-06 17:00:00+00:00,0.07467,DOGEUSDT
2023-03-07 17:00:00+00:00,0.07407,DOGEUSDT
2023-03-08 17:00:00+00:00,0.0729,DOGEUSDT
2023-03-09 17:00:00+00:00,0.07139,DOGEUSDT
2023-03-10 17:00:00+00:00,0.06477,DOGEUSDT
2023-03-11 17:00:00+00:00,0.06503,DOGEUSDT
2023-03-12 17:00:00+00:00,0.06717,DOGEUSDT
2023-03-13 17:00:00+00:00,0.07238,DOGEUSDT
2023-03-14 17:00:00+00:00,0.07673,DOGEUSDT
2023-03-15 17:00:00+00:00,0.0685,DOGEUSDT
2023-03-16 17:00:00+00:00,0.07029,DOGEUSDT
2023-03-17 17:00:00+00:00,0.07452,DOGEUSDT
2023-03-18 17:00:00+00:00,0.07455,DOGEUSDT
2023-03-19 17:00:00+00:00,0.07544,DOGEUSDT
2023-03-20 17:00:00+00:00,0.07165,DOGEUSDT
2023-03-21 17:00:00+00:00,0.07527,DOGEUSDT
2023-03-22 17:00:00+00:00,0.07571,DOGEUSDT
2023-03-23 17:00:00+00:00,0.07729,DOGEUSDT
2023-03-24 17:00:00+00:00,0.07339,DOGEUSDT
2023-03-25 17:00:00+00:00,0.07448,DOGEUSDT
2023-03-26 17:00:00+00:00,0.07447,DOGEUSDT
2023-03-27 17:00:00+00:00,0.07202,DOGEUSDT
2023-03-28 17:00:00+00:00,0.07235,DOGEUSDT
2023-03-29 17:00:00+00:00,0.07568,DOGEUSDT
2023-03-30 17:00:00+00:00,0.07365,DOGEUSDT
2023-03-31 17:00:00+00:00,0.07591,DOGEUSDT
2023-04-01 17:00:00+00:00,0.07849,DOGEUSDT
2023-04-02 17:00:00+00:00,0.08002,DOGEUSDT
2023-04-03 17:00:00+00:00,0.09398,DOGEUSDT
2023-04-04 17:00:00+00:00,0.09594,DOGEUSDT
2023-04-05 17:00:00+00:00,0.09336,DOGEUSDT
2023-04-06 17:00:00+00:00,0.08958,DOGEUSDT
2023-04-07 17:00:00+00:00,0.08216,DOGEUSDT
2023-04-08 17:00:00+00:00,0.08228,DOGEUSDT
2023-04-09 17:00:00+00:00,0.08274,DOGEUSDT
2023-04-10 17:00:00+00:00,0.08403,DOGEUSDT
2023-04-11 17:00:00+00:00,0.08458,DOGEUSDT
2023-04-12 17:00:00+00:00,0.08292,DOGEUSDT
2023-04-13 17:00:00+00:00,0.08799,DOGEUSDT
2023-04-14 17:00:00+00:00,0.08843,DOGEUSDT
2023-04-15 17:00:00+00:00,0.08899,DOGEUSDT
2023-04-16 17:00:00+00:00,0.08967,DOGEUSDT
2023-04-17 17:00:00+00:00,0.0912,DOGEUSDT
2023-04-18 17:00:00+00:00,0.09179,DOGEUSDT
2023-04-19 17:00:00+00:00,0.08817,DOGEUSDT
2023-04-20 17:00:00+00:00,0.08334,DOGEUSDT
2023-04-21 17:00:00+00:00,0.08169,DOGEUSDT
2023-04-22 17:00:00+00:00,0.0805,DOGEUSDT
2023-04-23 17:00:00+00:00,0.07863,DOGEUSDT
2023-04-24 17:00:00+00:00,0.07857,DOGEUSDT
2023-04-25 17:00:00+00:00,0.07858,DOGEUSDT
2023-04-26 17:00:00+00:00,0.08221,DOGEUSDT
2023-04-27 17:00:00+00:00,0.08035,DOGEUSDT
2023-04-28 17:00:00+00:00,0.08014,DOGEUSDT
2023-04-29 17:00:00+00:00,0.0811,DOGEUSDT
2023-04-30 17:00:00+00:00,0.08094,DOGEUSDT
2023-05-01 17:00:00+00:00,0.0785,DOGEUSDT
2023-05-02 17:00:00+00:00,0.07871,DOGEUSDT
2023-05-03 17:00:00+00:00,0.07791,DOGEUSDT
2023-05-04 17:00:00+00:00,0.07826,DOGEUSDT
2023-05-05 17:00:00+00:00,0.07924,DOGEUSDT
2023-05-06 17:00:00+00:00,0.07688,DOGEUSDT
2023-05-07 17:00:00+00:00,0.07709,DOGEUSDT
2023-05-08 17:00:00+00:00,0.07134,DOGEUSDT
2023-05-09 17:00:00+00:00,0.07278,DOGEUSDT
2023-05-10 17:00:00+00:00,0.07206,DOGEUSDT
2023-05-11 17:00:00+00:00,0.06996,DOGEUSDT
2023-05-12 17:00:00+00:00,0.07129,DOGEUSDT
2023-05-13 17:00:00+00:00,0.0718,DOGEUSDT
2023-05-14 17:00:00+00:00,0.07196,DOGEUSDT
2023-05-15 17:00:00+00:00,0.07264,DOGEUSDT
2023-05-16 17:00:00+00:00,0.07226,DOGEUSDT
2023-05-17 17:00:00+00:00,0.07435,DOGEUSDT
2023-05-18 17:00:00+00:00,0.07261,DOGEUSDT
2023-05-19 17:00:00+00:00,0.07379,DOGEUSDT
2023-05-20 17:00:00+00:00,0.07383,DOGEUSDT
2023-05-21 17:00:00+00:00,0.07225,DOGEUSDT
2023-05-22 17:00:00+00:00,0.07298,DOGEUSDT
2023-05-23 17:00:00+00:00,0.07277,DOGEUSDT
2023-05-24 17:00:00+00:00,0.07059,DOGEUSDT
2023-05-25 17:00:00+00:00,0.07025,DOGEUSDT
2023-05-26 17:00:00+00:00,0.07058,DOGEUSDT
2023-05-27 17:00:00+00:00,0.07136,DOGEUSDT
2023-05-28 17:00:00+00:00,0.07278,DOGEUSDT
2023-05-29 17:00:00+00:00,0.07327,DOGEUSDT
2023-05-30 17:00:00+00:00,0.07241,DOGEUSDT
2023-05-31 17:00:00+00:00,0.07152,DOGEUSDT
2023-06-01 17:00:00+00:00,0.07197,DOGEUSDT
2023-06-02 17:00:00+00:00,0.07217,DOGEUSDT
2023-06-03 17:00:00+00:00,0.0726,DOGEUSDT
2023-06-04 17:00:00+00:00,0.07265,DOGEUSDT
2023-06-05 17:00:00+00:00,0.06646,DOGEUSDT
2023-06-06 17:00:00+00:00,0.06979,DOGEUSDT
2023-06-07 17:00:00+00:00,0.06776,DOGEUSDT
2023-06-08 17:00:00+00:00,0.06774,DOGEUSDT
2023-06-09 17:00:00+00:00,0.06885,DOGEUSDT
2023-06-10 17:00:00+00:00,0.06217,DOGEUSDT
2023-06-11 17:00:00+00:00,0.06203,DOGEUSDT
2023-06-12 17:00:00+00:00,0.06131,DOGEUSDT
2023-06-13 17:00:00+00:00,0.06113,DOGEUSDT
2023-06-14 17:00:00+00:00,0.06196,DOGEUSDT
2023-06-15 17:00:00+00:00,0.06107,DOGEUSDT
2023-06-16 17:00:00+00:00,0.06208,DOGEUSDT
2023-06-17 17:00:00+00:00,0.0621,DOGEUSDT
2023-06-18 17:00:00+00:00,0.063,DOGEUSDT
2023-06-19 17:00:00+00:00,0.06223,DOGEUSDT
2023-06-20 17:00:00+00:00,0.0621,DOGEUSDT
2023-06-21 17:00:00+00:00,0.06557,DOGEUSDT
2023-06-22 17:00:00+00:00,0.06659,DOGEUSDT
2023-06-23 17:00:00+00:00,0.06927,DOGEUSDT
2023-06-24 17:00:00+00:00,0.06644,DOGEUSDT
2023-06-25 17:00:00+00:00,0.06691,DOGEUSDT
2023-06-26 17:00:00+00:00,0.06459,DOGEUSDT
2023-06-27 17:00:00+00:00,0.06555,DOGEUSDT
2023-06-28 17:00:00+00:00,0.0636,DOGEUSDT
2023-06-29 17:00:00+00:00,0.06304,DOGEUSDT
2023-06-30 17:00:00+00:00,0.06601,DOGEUSDT
2023-07-01 17:00:00+00:00,0.06818,DOGEUSDT
2023-07-02 17:00:00+00:00,0.06847,DOGEUSDT
2023-07-03 17:00:00+00:00,0.06822,DOGEUSDT
2023-07-04 17:00:00+00:00,0.06998,DOGEUSDT
2023-07-05 17:00:00+00:00,0.06677,DOGEUSDT
2023-07-06 17:00:00+00:00,0.06594,DOGEUSDT
2023-07-07 17:00:00+00:00,0.06556,DOGEUSDT
2023-07-08 17:00:00+00:00,0.06533,DOGEUSDT
2023-07-09 17:00:00+00:00,0.06574,DOGEUSDT
2023-07-10 17:00:00+00:00,0.06464,DOGEUSDT
2023-07-11 17:00:00+00:00,0.06474,DOGEUSDT
2023-07-12 17:00:00+00:00,0.06487,DOGEUSDT
2023-07-13 17:00:00+00:00,0.06955,DOGEUSDT
2023-07-14 17:00:00+00:00,0.06968,DOGEUSDT
2023-07-15 17:00:00+00:00,0.07231,DOGEUSDT
2023-07-16 17:00:00+00:00,0.07097,DOGEUSDT
2023-07-17 17:00:00+00:00,0.06859,DOGEUSDT
2023-07-18 17:00:00+00:00,0.06816,DOGEUSDT
2023-07-19 17:00:00+00:00,0.06979,DOGEUSDT
2023-07-20 17:00:00+00:00,0.07028,DOGEUSDT
2023-07-21 17:00:00+00:00,0.07353,DOGEUSDT
2023-07-22 17:00:00+00:00,0.07123,DOGEUSDT
2023-07-23 17:00:00+00:00,0.07274,DOGEUSDT
2023-07-24 17:00:00+00:00,0.0743,DOGEUSDT
2023-07-25 17:00:00+00:00,0.08152,DOGEUSDT
2023-07-26 17:00:00+00:00,0.07771,DOGEUSDT
2023-07-27 17:00:00+00:00,0.07815,DOGEUSDT
2023-07-28 17:00:00+00:00,0.07693,DOGEUSDT
2023-07-29 17:00:00+00:00,0.07871,DOGEUSDT
2023-07-30 17:00:00+00:00,0.07975,DOGEUSDT
2023-07-31 17:00:00+00:00,0.07844,DOGEUSDT
2023-08-01 17:00:00+00:00,0.07693,DOGEUSDT
2023-08-02 17:00:00+00:00,0.07477,DOGEUSDT
2023-08-03 17:00:00+00:00,0.07419,DOGEUSDT
2023-08-04 17:00:00+00:00,0.07455,DOGEUSDT
2023-08-05 17:00:00+00:00,0.07591,DOGEUSDT
2023-08-06 17:00:00+00:00,0.07501,DOGEUSDT
2023-08-07 17:00:00+00:00,0.07288,DOGEUSDT
2023-08-08 17:00:00+00:00,0.07517,DOGEUSDT
2023-08-09 17:00:00+00:00,0.07494,DOGEUSDT
2023-08-10 17:00:00+00:00,0.0761,DOGEUSDT
2023-08-11 17:00:00+00:00,0.07526,DOGEUSDT
2023-08-12 17:00:00+00:00,0.0768,DOGEUSDT
2023-08-13 17:00:00+00:00,0.0759,DOGEUSDT
2023-08-14 17:00:00+00:00,0.07435,DOGEUSDT
2023-08-15 17:00:00+00:00,0.07368,DOGEUSDT
2023-08-16 17:00:00+00:00,0.06937,DOGEUSDT
2023-08-17 17:00:00+00:00,0.06578,DOGEUSDT
2023-08-18 17:00:00+00:00,0.06287,DOGEUSDT
2023-08-19 17:00:00+00:00,0.06389,DOGEUSDT
2023-08-20 17:00:00+00:00,0.06386,DOGEUSDT
2023-08-21 17:00:00+00:00,0.06191,DOGEUSDT
2023-08-22 17:00:00+00:00,0.06119,DOGEUSDT
2023-08-23 17:00:00+00:00,0.06405,DOGEUSDT
2023-08-24 17:00:00+00:00,0.06285,DOGEUSDT
2023-08-25 17:00:00+00:00,0.06239,DOGEUSDT
2023-08-26 17:00:00+00:00,0.06281,DOGEUSDT
2023-08-27 17:00:00+00:00,0.06289,DOGEUSDT
2023-08-28 17:00:00+00:00,0.06324,DOGEUSDT
2023-08-29 17:00:00+00:00,0.0668,DOGEUSDT
2023-08-30 17:00:00+00:00,0.06537,DOGEUSDT
2023-08-31 17:00:00+00:00,0.06407,DOGEUSDT
2023-09-01 17:00:00+00:00,0.06271,DOGEUSDT
2023-09-02 17:00:00+00:00,0.06318,DOGEUSDT
2023-09-03 17:00:00+00:00,0.06308,DOGEUSDT
2023-09-04 17:00:00+00:00,0.06323,DOGEUSDT
2023-09-05 17:00:00+00:00,0.06391,DOGEUSDT
2023-09-06 17:00:00+00:00,0.06372,DOGEUSDT
2023-09-07 17:00:00+00:00,0.06334,DOGEUSDT
2023-09-08 17:00:00+00:00,0.06306,DOGEUSDT
2023-09-09 17:00:00+00:00,0.0635,DOGEUSDT
2023-09-10 17:00:00+00:00,0.06094,DOGEUSDT
2023-09-11 17:00:00+00:00,0.06034,DOGEUSDT
2023-09-12 17:00:00+00:00,0.06098,DOGEUSDT
2023-09-13 17:00:00+00:00,0.06091,DOGEUSDT
2023-09-14 17:00:00+00:00,0.06213,DOGEUSDT
2023-09-15 17:00:00+00:00,0.06185,DOGEUSDT
2023-09-16 17:00:00+00:00,0.06223,DOGEUSDT
2023-09-17 17:00:00+00:00,0.06152,DOGEUSDT
2023-09-18 17:00:00+00:00,0.06167,DOGEUSDT
2023-09-19 17:00:00+00:00,0.06268,DOGEUSDT
2023-09-20 17:00:00+00:00,0.06237,DOGEUSDT
2023-09-21 17:00:00+00:00,0.06154,DOGEUSDT
2023-09-22 17:00:00+00:00,0.06144,DOGEUSDT
2023-09-23 17:00:00+00:00,0.06163,DOGEUSDT
2023-09-24 17:00:00+00:00,0.06166,DOGEUSDT
2023-09-25 17:00:00+00:00,0.06104,DOGEUSDT
2023-09-26 17:00:00+00:00,0.06028,DOGEUSDT
2023-09-27 17:00:00+00:00,0.06053,DOGEUSDT
2023-09-28 17:00:00+00:00,0.0615,DOGEUSDT
2023-09-29 17:00:00+00:00,0.06174,DOGEUSDT
2023-09-30 17:00:00+00:00,0.06225,DOGEUSDT
2023-10-01 17:00:00+00:00,0.06193,DOGEUSDT
2023-10-02 17:00:00+00:00,0.06269,DOGEUSDT
2023-10-03 17:00:00+00:00,0.06147,DOGEUSDT
2023-10-04 17:00:00+00:00,0.061,DOGEUSDT
2023-10-05 17:00:00+00:00,0.06105,DOGEUSDT
2023-10-06 17:00:00+00:00,0.06131,DOGEUSDT
2023-10-07 17:00:00+00:00,0.06119,DOGEUSDT
2023-10-08 17:00:00+00:00,0.06108,DOGEUSDT
2023-10-09 17:00:00+00:00,0.05869,DOGEUSDT
2023-10-10 17:00:00+00:00,0.05871,DOGEUSDT
2023-10-11 17:00:00+00:00,0.05794,DOGEUSDT
2023-10-12 17:00:00+00:00,0.05766,DOGEUSDT
2023-10-13 17:00:00+00:00,0.05818,DOGEUSDT
2023-10-14 17:00:00+00:00,0.05927,DOGEUSDT
2023-10-15 17:00:00+00:00,0.0595,DOGEUSDT
2023-10-16 17:00:00+00:00,0.05984,DOGEUSDT
2023-10-17 17:00:00+00:00,0.05888,DOGEUSDT
2023-10-18 17:00:00+00:00,0.0585,DOGEUSDT
2023-10-19 17:00:00+00:00,0.05854,DOGEUSDT
2023-10-20 17:00:00+00:00,0.06006,DOGEUSDT
2023-10-21 17:00:00+00:00,0.06129,DOGEUSDT
2023-10-22 17:00:00+00:00,0.0611,DOGEUSDT
2023-10-23 17:00:00+00:00,0.06393,DOGEUSDT
2023-10-24 17:00:00+00:00,0.06588,DOGEUSDT
2023-10-25 17:00:00+00:00,0.06697,DOGEUSDT
2023-10-26 17:00:00+00:00,0.07121,DOGEUSDT
2023-10-27 17:00:00+00:00,0.06841,DOGEUSDT
2023-10-28 17:00:00+00:00,0.06882,DOGEUSDT
2023-10-29 17:00:00+00:00,0.0694,DOGEUSDT
2023-10-30 17:00:00+00:00,0.06873,DOGEUSDT
2023-10-31 17:00:00+00:00,0.06774,DOGEUSDT
2023-11-01 17:00:00+00:00,0.06677,DOGEUSDT
2023-11-02 17:00:00+00:00,0.06813,DOGEUSDT
2023-11-03 17:00:00+00:00,0.06735,DOGEUSDT
2023-11-04 17:00:00+00:00,0.06844,DOGEUSDT
2023-11-05 17:00:00+00:00,0.07086,DOGEUSDT
2023-11-06 17:00:00+00:00,0.0746,DOGEUSDT
2023-11-07 17:00:00+00:00,0.07317,DOGEUSDT
2023-11-08 17:00:00+00:00,0.07533,DOGEUSDT
2023-11-09 17:00:00+00:00,0.07199,DOGEUSDT
2023-11-10 17:00:00+00:00,0.07406,DOGEUSDT
2023-11-11 17:00:00+00:00,0.07935,DOGEUSDT
2023-11-12 17:00:00+00:00,0.07743,DOGEUSDT
2023-11-13 17:00:00+00:00,0.07592,DOGEUSDT
2023-11-14 17:00:00+00:00,0.07284,DOGEUSDT
2023-11-15 17:00:00+00:00,0.074,DOGEUSDT
2023-11-16 17:00:00+00:00,0.07849,DOGEUSDT
2023-11-17 17:00:00+00:00,0.08334,DOGEUSDT
2023-11-18 17:00:00+00:00,0.07995,DOGEUSDT
2023-11-19 17:00:00+00:00,0.07848,DOGEUSDT
2023-11-20 17:00:00+00:00,0.08084,DOGEUSDT
2023-11-21 17:00:00+00:00,0.07433,DOGEUSDT
2023-11-22 17:00:00+00:00,0.07512,DOGEUSDT
2023-11-23 17:00:00+00:00,0.07579,DOGEUSDT
2023-11-24 17:00:00+00:00,0.07769,DOGEUSDT
2023-11-25 17:00:00+00:00,0.079,DOGEUSDT
2023-11-26 17:00:00+00:00,0.07655,DOGEUSDT
2023-11-27 17:00:00+00:00,0.0781,DOGEUSDT
2023-11-28 17:00:00+00:00,0.08083,DOGEUSDT
2023-11-29 17:00:00+00:00,0.08099,DOGEUSDT
2023-11-30 17:00:00+00:00,0.08374,DOGEUSDT
2023-12-01 17:00:00+00:00,0.08312,DOGEUSDT
2023-12-02 17:00:00+00:00,0.08418,DOGEUSDT
2023-12-03 17:00:00+00:00,0.08399,DOGEUSDT
2023-12-04 17:00:00+00:00,0.08864,DOGEUSDT
2023-12-05 17:00:00+00:00,0.09168,DOGEUSDT
2023-12-06 17:00:00+00:00,0.09894,DOGEUSDT
2023-12-07 17:00:00+00:00,0.09653,DOGEUSDT
2023-12-08 17:00:00+00:00,0.09836,DOGEUSDT
2023-12-09 17:00:00+00:00,0.09875,DOGEUSDT
2023-12-10 17:00:00+00:00,0.1004,DOGEUSDT
2023-12-11 17:00:00+00:00,0.09365,DOGEUSDT
2023-12-12 17:00:00+00:00,0.09128,DOGEUSDT
2023-12-13 17:00:00+00:00,0.09301,DOGEUSDT
2023-12-14 17:00:00+00:00,0.098,DOGEUSDT
2023-12-15 17:00:00+00:00,0.09421,DOGEUSDT
2023-12-16 17:00:00+00:00,0.09506,DOGEUSDT
2023-12-17 17:00:00+00:00,0.09536,DOGEUSDT
2023-12-18 17:00:00+00:00,0.08966,DOGEUSDT
2023-12-19 17:00:00+00:00,0.08943,DOGEUSDT
2023-12-20 17:00:00+00:00,0.09244,DOGEUSDT
2023-12-21 17:00:00+00:00,0.0914,DOGEUSDT
2023-12-22 17:00:00+00:00,0.09405,DOGEUSDT
2023-12-23 17:00:00+00:00,0.09285,DOGEUSDT
2023-12-24 17:00:00+00:00,0.09351,DOGEUSDT
2023-12-25 17:00:00+00:00,0.09411,DOGEUSDT
2023-12-26 17:00:00+00:00,0.08984,DOGEUSDT
2023-12-27 17:00:00+00:00,0.09349,DOGEUSDT
2023-12-28 17:00:00+00:00,0.09176,DOGEUSDT
2023-12-29 17:00:00+00:00,0.09044,DOGEUSDT
2023-12-30 17:00:00+00:00,0.09102,DOGEUSDT
2023-12-31 17:00:00+00:00,0.09074,DOGEUSDT
2024-01-01 17:00:00+00:00,0.09119,DOGEUSDT
2024-01-02 17:00:00+00:00,0.09162,DOGEUSDT
2024-01-03 17:00:00+00:00,0.08233,DOGEUSDT
2024-01-04 17:00:00+00:00,0.084,DOGEUSDT
2024-01-05 17:00:00+00:00,0.08178,DOGEUSDT
2024-01-06 17:00:00+00:00,0.08156,DOGEUSDT
2024-01-07 17:00:00+00:00,0.07979,DOGEUSDT
2024-01-08 17:00:00+00:00,0.07997,DOGEUSDT
2024-01-09 17:00:00+00:00,0.08039,DOGEUSDT
2024-01-10 17:00:00+00:00,0.0786,DOGEUSDT
2024-01-11 17:00:00+00:00,0.08475,DOGEUSDT
2024-01-12 17:00:00+00:00,0.08138,DOGEUSDT
2024-01-13 17:00:00+00:00,0.08081,DOGEUSDT
2024-01-14 17:00:00+00:00,0.08179,DOGEUSDT
2024-01-15 17:00:00+00:00,0.08087,DOGEUSDT
2024-01-16 17:00:00+00:00,0.08117,DOGEUSDT
2024-01-17 17:00:00+00:00,0.08018,DOGEUSDT
2024-01-18 17:00:00+00:00,0.07845,DOGEUSDT
2024-01-19 17:00:00+00:00,0.07713,DOGEUSDT
2024-01-20 17:00:00+00:00,0.08008,DOGEUSDT
2024-01-21 17:00:00+00:00,0.08687,DOGEUSDT
2024-01-22 17:00:00+00:00,0.08434,DOGEUSDT
2024-01-23 17:00:00+00:00,0.07747,DOGEUSDT
2024-01-24 17:00:00+00:00,0.07906,DOGEUSDT
2024-01-25 17:00:00+00:00,0.07767,DOGEUSDT
2024-01-26 17:00:00+00:00,0.07999,DOGEUSDT
2024-01-27 17:00:00+00:00,0.07945,DOGEUSDT
2024-01-28 17:00:00+00:00,0.07945,DOGEUSDT
2024-01-29 17:00:00+00:00,0.08179,DOGEUSDT
2024-01-30 17:00:00+00:00,0.08137,DOGEUSDT
2024-01-31 17:00:00+00:00,0.07995,DOGEUSDT
2024-02-01 17:00:00+00:00,0.07953,DOGEUSDT
2024-02-02 17:00:00+00:00,0.07909,DOGEUSDT
2024-02-03 17:00:00+00:00,0.07936,DOGEUSDT
2024-02-04 17:00:00+00:00,0.07959,DOGEUSDT
2024-02-05 17:00:00+00:00,0.07873,DOGEUSDT
2024-02-06 17:00:00+00:00,0.07881,DOGEUSDT
2024-02-07 17:00:00+00:00,0.07951,DOGEUSDT
2024-02-08 17:00:00+00:00,0.08005,DOGEUSDT
2024-02-09 17:00:00+00:00,0.08139,DOGEUSDT
2024-02-10 17:00:00+00:00,0.08089,DOGEUSDT
2024-02-11 17:00:00+00:00,0.08194,DOGEUSDT
2024-02-12 17:00:00+00:00,0.08212,DOGEUSDT
2024-02-13 17:00:00+00:00,0.0809,DOGEUSDT
2024-02-14 17:00:00+00:00,0.08512,DOGEUSDT
2024-02-15 17:00:00+00:00,0.08447,DOGEUSDT
2024-02-16 17:00:00+00:00,0.08525,DOGEUSDT
2024-02-17 17:00:00+00:00,0.08323,DOGEUSDT
2024-02-18 17:00:00+00:00,0.0849,DOGEUSDT
2024-02-19 17:00:00+00:00,0.08855,DOGEUSDT
2024-02-20 17:00:00+00:00,0.0843,DOGEUSDT
2024-02-21 17:00:00+00:00,0.08276,DOGEUSDT
2024-02-22 17:00:00+00:00,0.08482,DOGEUSDT
2024-02-23 17:00:00+00:00,0.0851,DOGEUSDT
2024-02-24 17:00:00+00:00,0.0861,DOGEUSDT
2024-02-25 17:00:00+00:00,0.08622,DOGEUSDT
2024-02-26 17:00:00+00:00,0.08733,DOGEUSDT
2024-02-27 17:00:00+00:00,0.09578,DOGEUSDT
2024-02-28 17:00:00+00:00,0.10949,DOGEUSDT
2024-02-29 17:00:00+00:00,0.12618,DOGEUSDT
2024-03-01 17:00:00+00:00,0.13182,DOGEUSDT
2024-03-02 17:00:00+00:00,0.13908,DOGEUSDT
2024-03-03 17:00:00+00:00,0.14029,DOGEUSDT
2024-03-04 17:00:00+00:00,0.17369,DOGEUSDT
2024-03-05 17:00:00+00:00,0.16492,DOGEUSDT
2024-03-06 17:00:00+00:00,0.16114,DOGEUSDT
2024-03-07 17:00:00+00:00,0.1554,DOGEUSDT
2024-03-08 17:00:00+00:00,0.16941,DOGEUSDT
2024-03-09 17:00:00+00:00,0.18201,DOGEUSDT
2024-03-10 17:00:00+00:00,0.17284,DOGEUSDT
2024-03-11 17:00:00+00:00,0.17366,DOGEUSDT
2024-03-12 17:00:00+00:00,0.16546,DOGEUSDT
2024-03-13 17:00:00+00:00,0.16783,DOGEUSDT
2024-03-14 17:00:00+00:00,0.17745,DOGEUSDT
2024-03-15 17:00:00+00:00,0.16222,DOGEUSDT
2024-03-16 17:00:00+00:00,0.14803,DOGEUSDT
2024-03-17 17:00:00+00:00,0.15668,DOGEUSDT
2024-03-18 17:00:00+00:00,0.14209,DOGEUSDT
2024-03-19 17:00:00+00:00,0.1342,DOGEUSDT
2024-03-20 17:00:00+00:00,0.13333,DOGEUSDT
2024-03-21 17:00:00+00:00,0.15198,DOGEUSDT
2024-03-22 17:00:00+00:00,0.15156,DOGEUSDT
2024-03-23 17:00:00+00:00,0.17286,DOGEUSDT
2024-03-24 17:00:00+00:00,0.17056,DOGEUSDT
2024-03-25 17:00:00+00:00,0.18146,DOGEUSDT
2024-03-26 17:00:00+00:00,0.17831,DOGEUSDT
2024-03-27 17:00:00+00:00,0.18556,DOGEUSDT
2024-03-28 17:00:00+00:00,0.22019,DOGEUSDT
2024-03-29 17:00:00+00:00,0.21605,DOGEUSDT
2024-03-30 17:00:00+00:00,0.20036,DOGEUSDT
2024-03-31 17:00:00+00:00,0.21323,DOGEUSDT
2024-04-01 17:00:00+00:00,0.20309,DOGEUSDT
2024-04-02 17:00:00+00:00,0.18531,DOGEUSDT
2024-04-03 17:00:00+00:00,0.17713,DOGEUSDT
2024-04-04 17:00:00+00:00,0.18713,DOGEUSDT
2024-04-05 17:00:00+00:00,0.1744,DOGEUSDT
2024-04-06 17:00:00+00:00,0.18344,DOGEUSDT
2024-04-07 17:00:00+00:00,0.19979,DOGEUSDT
2024-04-08 17:00:00+00:00,0.20331,DOGEUSDT
2024-04-09 17:00:00+00:00,0.18911,DOGEUSDT
2024-04-10 17:00:00+00:00,0.19468,DOGEUSDT
2024-04-11 17:00:00+00:00,0.19298,DOGEUSDT
2024-04-12 17:00:00+00:00,0.18493,DOGEUSDT
2024-04-13 17:00:00+00:00,0.15984,DOGEUSDT
2024-04-14 17:00:00+00:00,0.15047,DOGEUSDT
2024-04-15 17:00:00+00:00,0.15331,DOGEUSDT
2024-04-16 17:00:00+00:00,0.15293,DOGEUSDT
2024-04-17 17:00:00+00:00,0.14901,DOGEUSDT
2024-04-18 17:00:00+00:00,0.14779,DOGEUSDT
2024-04-19 17:00:00+00:00,0.15374,DOGEUSDT
2024-04-20 17:00:00+00:00,0.16363,DOGEUSDT
2024-04-21 17:00:00+00:00,0.15755,DOGEUSDT
2024-04-22 17:00:00+00:00,0.16078,DOGEUSDT
2024-04-23 17:00:00+00:00,0.16214,DOGEUSDT
2024-04-24 17:00:00+00:00,0.15471,DOGEUSDT
2024-04-25 17:00:00+00:00,0.15243,DOGEUSDT
2024-04-26 17:00:00+00:00,0.14955,DOGEUSDT
2024-04-27 17:00:00+00:00,0.14886,DOGEUSDT
2024-04-28 17:00:00+00:00,0.1505,DOGEUSDT
2024-04-29 17:00:00+00:00,0.14221,DOGEUSDT
2024-04-30 17:00:00+00:00,0.13276,DOGEUSDT
2024-05-01 17:00:00+00:00,0.12628,DOGEUSDT
2024-05-02 17:00:00+00:00,0.13389,DOGEUSDT
2024-05-03 17:00:00+00:00,0.14039,DOGEUSDT
2024-05-04 17:00:00+00:00,0.15962,DOGEUSDT
2024-05-05 17:00:00+00:00,0.16065,DOGEUSDT
2024-05-06 17:00:00+00:00,0.15522,DOGEUSDT
2024-05-07 17:00:00+00:00,0.15492,DOGEUSDT
2024-05-08 17:00:00+00:00,0.14889,DOGEUSDT
2024-05-09 17:00:00+00:00,0.14858,DOGEUSDT
2024-05-10 17:00:00+00:00,0.14401,DOGEUSDT
2024-05-11 17:00:00+00:00,0.14447,DOGEUSDT
2024-05-12 17:00:00+00:00,0.14239,DOGEUSDT
2024-05-13 17:00:00+00:00,0.15083,DOGEUSDT
2024-05-14 17:00:00+00:00,0.14621,DOGEUSDT
2024-05-15 17:00:00+00:00,0.15072,DOGEUSDT
2024-05-16 17:00:00+00:00,0.15097,DOGEUSDT
2024-05-17 17:00:00+00:00,0.15404,DOGEUSDT
2024-05-18 17:00:00+00:00,0.15262,DOGEUSDT
2024-05-19 17:00:00+00:00,0.15011,DOGEUSDT
2024-05-20 17:00:00+00:00,0.15325,DOGEUSDT
2024-05-21 17:00:00+00:00,0.16905,DOGEUSDT
2024-05-22 17:00:00+00:00,0.16613,DOGEUSDT
2024-05-23 17:00:00+00:00,0.15904,DOGEUSDT
2024-05-24 17:00:00+00:00,0.16529,DOGEUSDT
2024-05-25 17:00:00+00:00,0.16964,DOGEUSDT
2024-05-26 17:00:00+00:00,0.16788,DOGEUSDT
2024-05-27 17:00:00+00:00,0.17087,DOGEUSDT
2024-05-28 17:00:00+00:00,0.1632,DOGEUSDT
2024-05-29 17:00:00+00:00,0.16579,DOGEUSDT
2024-05-30 17:00:00+00:00,0.1628,DOGEUSDT
2024-05-31 17:00:00+00:00,0.15822,DOGEUSDT
2024-06-01 17:00:00+00:00,0.16064,DOGEUSDT
2024-06-02 17:00:00+00:00,0.15607,DOGEUSDT
2024-06-03 17:00:00+00:00,0.16056,DOGEUSDT
2024-06-04 17:00:00+00:00,0.16104,DOGEUSDT
2024-06-05 17:00:00+00:00,0.16366,DOGEUSDT
2024-06-06 17:00:00+00:00,0.16176,DOGEUSDT
2024-06-07 17:00:00+00:00,0.15598,DOGEUSDT
2024-06-08 17:00:00+00:00,0.14593,DOGEUSDT
2024-06-09 17:00:00+00:00,0.14738,DOGEUSDT
2024-06-10 17:00:00+00:00,0.14606,DOGEUSDT
2024-06-11 17:00:00+00:00,0.13626,DOGEUSDT
2024-06-12 17:00:00+00:00,0.15001,DOGEUSDT
2024-06-13 17:00:00+00:00,0.14268,DOGEUSDT
2024-06-14 17:00:00+00:00,0.13385,DOGEUSDT
2024-06-15 17:00:00+00:00,0.13675,DOGEUSDT
2024-06-16 17:00:00+00:00,0.13608,DOGEUSDT
2024-06-17 17:00:00+00:00,0.13164,DOGEUSDT
2024-06-18 17:00:00+00:00,0.11936,DOGEUSDT
2024-06-19 17:00:00+00:00,0.12351,DOGEUSDT
2024-06-20 17:00:00+00:00,0.12455,DOGEUSDT
2024-06-21 17:00:00+00:00,0.12269,DOGEUSDT
2024-06-22 17:00:00+00:00,0.12437,DOGEUSDT
2024-06-23 17:00:00+00:00,0.12291,DOGEUSDT
2024-06-24 17:00:00+00:00,0.11658,DOGEUSDT
2024-06-25 17:00:00+00:00,0.12655,DOGEUSDT
2024-06-26 17:00:00+00:00,0.12304,DOGEUSDT
2024-06-27 17:00:00+00:00,0.12474,DOGEUSDT
2024-06-28 17:00:00+00:00,0.12349,DOGEUSDT
2024-06-29 17:00:00+00:00,0.12304,DOGEUSDT
2024-06-30 17:00:00+00:00,0.12289,DOGEUSDT
2024-07-01 17:00:00+00:00,0.12603,DOGEUSDT
2024-07-02 17:00:00+00:00,0.12337,DOGEUSDT
2024-07-03 17:00:00+00:00,0.1185,DOGEUSDT
2024-07-04 17:00:00+00:00,0.10838,DOGEUSDT
2024-07-05 17:00:00+00:00,0.10454,DOGEUSDT
2024-07-06 17:00:00+00:00,0.11269,DOGEUSDT
2024-07-07 17:00:00+00:00,0.10868,DOGEUSDT
2024-07-08 17:00:00+00:00,0.10674,DOGEUSDT
2024-07-09 17:00:00+00:00,0.10693,DOGEUSDT
2024-07-10 17:00:00+00:00,0.10918,DOGEUSDT
2024-07-11 17:00:00+00:00,0.10811,DOGEUSDT
2024-07-12 17:00:00+00:00,0.10755,DOGEUSDT
2024-07-13 17:00:00+00:00,0.11181,DOGEUSDT
2024-07-14 17:00:00+00:00,0.11259,DOGEUSDT
2024-07-15 17:00:00+00:00,0.1198,DOGEUSDT
2024-07-16 17:00:00+00:00,0.12609,DOGEUSDT
2024-07-17 17:00:00+00:00,0.12166,DOGEUSDT
2024-07-18 17:00:00+00:00,0.11865,DOGEUSDT
2024-07-19 17:00:00+00:00,0.12461,DOGEUSDT
2024-07-20 17:00:00+00:00,0.13499,DOGEUSDT
2024-07-21 17:00:00+00:00,0.12873,DOGEUSDT
2024-07-22 17:00:00+00:00,0.14152,DOGEUSDT
2024-07-23 17:00:00+00:00,0.12991,DOGEUSDT
2024-07-24 17:00:00+00:00,0.13203,DOGEUSDT
2024-07-25 17:00:00+00:00,0.12475,DOGEUSDT
2024-07-26 17:00:00+00:00,0.13161,DOGEUSDT
2024-07-27 17:00:00+00:00,0.13228,DOGEUSDT
2024-07-28 17:00:00+00:00,0.12993,DOGEUSDT
2024-07-29 17:00:00+00:00,0.129,DOGEUSDT
2024-07-30 17:00:00+00:00,0.12585,DOGEUSDT
2024-07-31 17:00:00+00:00,0.12645,DOGEUSDT
2024-08-01 17:00:00+00:00,0.11485,DOGEUSDT
2024-08-02 17:00:00+00:00,0.1133,DOGEUSDT
2024-08-03 17:00:00+00:00,0.10711,DOGEUSDT
2024-08-04 17:00:00+00:00,0.10101,DOGEUSDT
2024-08-05 17:00:00+00:00,0.09639,DOGEUSDT
2024-08-06 17:00:00+00:00,0.0968,DOGEUSDT
2024-08-07 17:00:00+00:00,0.09714,DOGEUSDT
2024-08-08 17:00:00+00:00,0.10279,DOGEUSDT
2024-08-09 17:00:00+00:00,0.10268,DOGEUSDT
2024-08-10 17:00:00+00:00,0.10564,DOGEUSDT
2024-08-11 17:00:00+00:00,0.10556,DOGEUSDT
2024-08-12 17:00:00+00:00,0.10569,DOGEUSDT
2024-08-13 17:00:00+00:00,0.10707,DOGEUSDT
2024-08-14 17:00:00+00:00,0.10271,DOGEUSDT
2024-08-15 17:00:00+00:00,0.10175,DOGEUSDT
2024-08-16 17:00:00+00:00,0.1011,DOGEUSDT
2024-08-17 17:00:00+00:00,0.1031,DOGEUSDT
2024-08-18 17:00:00+00:00,0.10216,DOGEUSDT
2024-08-19 17:00:00+00:00,0.10084,DOGEUSDT
2024-08-20 17:00:00+00:00,0.1033,DOGEUSDT
2024-08-21 17:00:00+00:00,0.10494,DOGEUSDT
2024-08-22 17:00:00+00:00,0.10515,DOGEUSDT
2024-08-23 17:00:00+00:00,0.11247,DOGEUSDT
2024-08-24 17:00:00+00:00,0.11338,DOGEUSDT
2024-08-25 17:00:00+00:00,0.10998,DOGEUSDT
2024-08-26 17:00:00+00:00,0.10525,DOGEUSDT
2024-08-27 17:00:00+00:00,0.1039,DOGEUSDT
2024-08-28 17:00:00+00:00,0.09858,DOGEUSDT
2024-08-29 17:00:00+00:00,0.10127,DOGEUSDT
2024-08-30 17:00:00+00:00,0.09905,DOGEUSDT
2024-08-31 17:00:00+00:00,0.1013,DOGEUSDT
2024-09-01 17:00:00+00:00,0.09742,DOGEUSDT
2024-09-02 17:00:00+00:00,0.09785,DOGEUSDT
2024-09-03 17:00:00+00:00,0.0979,DOGEUSDT
2024-09-04 17:00:00+00:00,0.09829,DOGEUSDT
2024-09-05 17:00:00+00:00,0.0988,DOGEUSDT
2024-09-06 17:00:00+00:00,0.09181,DOGEUSDT
2024-09-07 17:00:00+00:00,0.09455,DOGEUSDT
2024-09-08 17:00:00+00:00,0.09544,DOGEUSDT
2024-09-09 17:00:00+00:00,0.1033,DOGEUSDT
2024-09-10 17:00:00+00:00,0.10258,DOGEUSDT
2024-09-11 17:00:00+00:00,0.10156,DOGEUSDT
2024-09-12 17:00:00+00:00,0.102,DOGEUSDT
2024-09-13 17:00:00+00:00,0.10676,DOGEUSDT
2024-09-14 17:00:00+00:00,0.10511,DOGEUSDT
2024-09-15 17:00:00+00:00,0.1054,DOGEUSDT
2024-09-16 17:00:00+00:00,0.0999,DOGEUSDT
2024-09-17 17:00:00+00:00,0.10184,DOGEUSDT
2024-09-18 17:00:00+00:00,0.10132,DOGEUSDT
2024-09-19 17:00:00+00:00,0.10646,DOGEUSDT
2024-09-20 17:00:00+00:00,0.10437,DOGEUSDT
2024-09-21 17:00:00+00:00,0.10853,DOGEUSDT
2024-09-22 17:00:00+00:00,0.10662,DOGEUSDT
2024-09-23 17:00:00+00:00,0.1069,DOGEUSDT
2024-09-24 17:00:00+00:00,0.10885,DOGEUSDT
2024-09-25 17:00:00+00:00,0.10956,DOGEUSDT
2024-09-26 17:00:00+00:00,0.11786,DOGEUSDT
2024-09-27 17:00:00+00:00,0.1239,DOGEUSDT
2024-09-28 17:00:00+00:00,0.12944,DOGEUSDT
2024-09-29 17:00:00+00:00,0.1268,DOGEUSDT
2024-09-30 17:00:00+00:00,0.11811,DOGEUSDT
2024-10-01 17:00:00+00:00,0.10786,DOGEUSDT
2024-10-02 17:00:00+00:00,0.1058,DOGEUSDT
2024-10-03 17:00:00+00:00,0.10371,DOGEUSDT
2024-10-04 17:00:00+00:00,0.10869,DOGEUSDT
2024-10-05 17:00:00+00:00,0.10916,DOGEUSDT
2024-10-06 17:00:00+00:00,0.11098,DOGEUSDT
2024-10-07 17:00:00+00:00,0.11245,DOGEUSDT
2024-10-08 17:00:00+00:00,0.10711,DOGEUSDT
2024-10-09 17:00:00+00:00,0.10998,DOGEUSDT
2024-10-10 17:00:00+00:00,0.10405,DOGEUSDT
2024-10-11 17:00:00+00:00,0.11112,DOGEUSDT
2024-10-12 17:00:00+00:00,0.11149,DOGEUSDT
2024-10-13 17:00:00+00:00,0.10991,DOGEUSDT
2024-10-14 17:00:00+00:00,0.11494,DOGEUSDT
2024-10-15 17:00:00+00:00,0.11564,DOGEUSDT
2024-10-16 17:00:00+00:00,0.12708,DOGEUSDT
2024-10-17 17:00:00+00:00,0.12297,DOGEUSDT
2024-10-18 17:00:00+00:00,0.13998,DOGEUSDT
2024-10-19 17:00:00+00:00,0.14002,DOGEUSDT
2024-10-20 17:00:00+00:00,0.14045,DOGEUSDT
2024-10-21 17:00:00+00:00,0.14283,DOGEUSDT
2024-10-22 17:00:00+00:00,0.13894,DOGEUSDT
2024-10-23 17:00:00+00:00,0.13488,DOGEUSDT
2024-10-24 17:00:00+00:00,0.14035,DOGEUSDT
2024-10-25 17:00:00+00:00,0.13423,DOGEUSDT
2024-10-26 17:00:00+00:00,0.13744,DOGEUSDT
2024-10-27 17:00:00+00:00,0.14215,DOGEUSDT
2024-10-28 17:00:00+00:00,0.15042,DOGEUSDT
2024-10-29 17:00:00+00:00,0.17688,DOGEUSDT
2024-10-30 17:00:00+00:00,0.16737,DOGEUSDT
2024-10-31 17:00:00+00:00,0.1663,DOGEUSDT
2024-11-01 17:00:00+00:00,0.16109,DOGEUSDT
2024-11-02 17:00:00+00:00,0.15777,DOGEUSDT
2024-11-03 17:00:00+00:00,0.14661,DOGEUSDT
2024-11-04 17:00:00+00:00,0.15719,DOGEUSDT
2024-11-05 17:00:00+00:00,0.17599,DOGEUSDT
2024-11-06 17:00:00+00:00,0.1922,DOGEUSDT
2024-11-07 17:00:00+00:00,0.19476,DOGEUSDT
2024-11-08 17:00:00+00:00,0.19328,DOGEUSDT
2024-11-09 17:00:00+00:00,0.20697,DOGEUSDT
2024-11-10 17:00:00+00:00,0.27183,DOGEUSDT
2024-11-11 17:00:00+00:00,0.32095,DOGEUSDT
2024-11-12 17:00:00+00:00,0.37282,DOGEUSDT
2024-11-13 17:00:00+00:00,0.40536,DOGEUSDT
2024-11-14 17:00:00+00:00,0.39525,DOGEUSDT
2024-11-15 17:00:00+00:00,0.35744,DOGEUSDT
2024-11-16 17:00:00+00:00,0.37237,DOGEUSDT
2024-11-17 17:00:00+00:00,0.36708,DOGEUSDT
2024-11-18 17:00:00+00:00,0.37405,DOGEUSDT
2024-11-19 17:00:00+00:00,0.40149,DOGEUSDT
2024-11-20 17:00:00+00:00,0.37201,DOGEUSDT
2024-11-21 17:00:00+00:00,0.38792,DOGEUSDT
2024-11-22 17:00:00+00:00,0.40538,DOGEUSDT
2024-11-23 17:00:00+00:00,0.43158,DOGEUSDT
2024-11-24 17:00:00+00:00,0.41121,DOGEUSDT
2024-11-25 17:00:00+00:00,0.40091,DOGEUSDT
2024-11-26 17:00:00+00:00,0.38661,DOGEUSDT
2024-11-27 17:00:00+00:00,0.40205,DOGEUSDT
2024-11-28 17:00:00+00:00,0.39597,DOGEUSDT
2024-11-29 17:00:00+00:00,0.42051,DOGEUSDT
2024-11-30 17:00:00+00:00,0.42495,DOGEUSDT
2024-12-01 17:00:00+00:00,0.43571,DOGEUSDT
2024-12-02 17:00:00+00:00,0.41074,DOGEUSDT
2024-12-03 17:00:00+00:00,0.40763,DOGEUSDT
2024-12-04 17:00:00+00:00,0.40822,DOGEUSDT
2024-12-05 17:00:00+00:00,0.44379,DOGEUSDT
2024-12-06 17:00:00+00:00,0.43672,DOGEUSDT
2024-12-07 17:00:00+00:00,0.45761,DOGEUSDT
2024-12-08 17:00:00+00:00,0.46557,DOGEUSDT
2024-12-09 17:00:00+00:00,0.43288,DOGEUSDT
2024-12-10 17:00:00+00:00,0.36697,DOGEUSDT
2024-12-11 17:00:00+00:00,0.40598,DOGEUSDT
2024-12-12 17:00:00+00:00,0.41544,DOGEUSDT
2024-12-13 17:00:00+00:00,0.40946,DOGEUSDT
2024-12-14 17:00:00+00:00,0.3917,DOGEUSDT
2024-12-15 17:00:00+00:00,0.40307,DOGEUSDT
2024-12-16 17:00:00+00:00,0.40904,DOGEUSDT
2024-12-17 17:00:00+00:00,0.40281,DOGEUSDT
2024-12-18 17:00:00+00:00,0.38648,DOGEUSDT
2024-12-19 17:00:00+00:00,0.32416,DOGEUSDT
2024-12-20 17:00:00+00:00,0.31278,DOGEUSDT
2024-12-21 17:00:00+00:00,0.32528,DOGEUSDT
2024-12-22 17:00:00+00:00,0.31803,DOGEUSDT
2024-12-23 17:00:00+00:00,0.31116,DOGEUSDT
2024-12-24 17:00:00+00:00,0.33525,DOGEUSDT
2024-12-25 17:00:00+00:00,0.3302,DOGEUSDT
2024-12-26 17:00:00+00:00,0.31312,DOGEUSDT
2024-12-27 17:00:00+00:00,0.31485,DOGEUSDT
2024-12-28 17:00:00+00:00,0.32289,DOGEUSDT
2024-12-29 17:00:00+00:00,0.31632,DOGEUSDT
2024-12-30 17:00:00+00:00,0.31761,DOGEUSDT
2024-12-31 17:00:00+00:00,0.31925,DOGEUSDT
2025-01-01 17:00:00+00:00,0.32008,DOGEUSDT
2025-01-02 17:00:00+00:00,0.33749,DOGEUSDT
2025-01-03 17:00:00+00:00,0.37554,DOGEUSDT
2025-01-04 17:00:00+00:00,0.38477,DOGEUSDT
2025-01-05 17:00:00+00:00,0.381,DOGEUSDT
2025-01-06 17:00:00+00:00,0.38772,DOGEUSDT
2025-01-07 17:00:00+00:00,0.3631,DOGEUSDT
2025-01-08 17:00:00+00:00,0.33419,DOGEUSDT
2025-01-09 17:00:00+00:00,0.32059,DOGEUSDT
2025-01-10 17:00:00+00:00,0.338,DOGEUSDT
2025-01-11 17:00:00+00:00,0.33522,DOGEUSDT
2025-01-12 17:00:00+00:00,0.34061,DOGEUSDT
2025-01-13 17:00:00+00:00,0.32101,DOGEUSDT
2025-01-14 17:00:00+00:00,0.35678,DOGEUSDT
2025-01-15 17:00:00+00:00,0.36854,DOGEUSDT
2025-01-16 17:00:00+00:00,0.38806,DOGEUSDT
2025-01-17 17:00:00+00:00,0.41104,DOGEUSDT
2025-01-18 17:00:00+00:00,0.38878,DOGEUSDT
2025-01-19 17:00:00+00:00,0.39354,DOGEUSDT
2025-01-20 17:00:00+00:00,0.35582,DOGEUSDT
2025-01-21 17:00:00+00:00,0.38339,DOGEUSDT
2025-01-22 17:00:00+00:00,0.36308,DOGEUSDT
2025-01-23 17:00:00+00:00,0.35451,DOGEUSDT
2025-01-24 17:00:00+00:00,0.36027,DOGEUSDT
2025-01-25 17:00:00+00:00,0.35496,DOGEUSDT
2025-01-26 17:00:00+00:00,0.35296,DOGEUSDT
2025-01-27 17:00:00+00:00,0.32064,DOGEUSDT
2025-01-28 17:00:00+00:00,0.32823,DOGEUSDT
2025-01-29 17:00:00+00:00,0.32506,DOGEUSDT
2025-01-30 17:00:00+00:00,0.33391,DOGEUSDT
2025-01-31 17:00:00+00:00,0.33301,DOGEUSDT
2025-02-01 17:00:00+00:00,0.32227,DOGEUSDT
2025-02-02 17:00:00+00:00,0.2729,DOGEUSDT
2025-02-03 17:00:00+00:00,0.27109,DOGEUSDT
2025-02-04 17:00:00+00:00,0.26939,DOGEUSDT
2025-02-05 17:00:00+00:00,0.25631,DOGEUSDT
2025-02-06 17:00:00+00:00,0.24872,DOGEUSDT
2025-02-07 17:00:00+00:00,0.25066,DOGEUSDT
2025-02-08 17:00:00+00:00,0.25255,DOGEUSDT
2025-02-09 17:00:00+00:00,0.25143,DOGEUSDT
2025-02-10 17:00:00+00:00,0.25375,DOGEUSDT
2025-02-11 17:00:00+00:00,0.25518,DOGEUSDT
2025-02-12 17:00:00+00:00,0.26074,DOGEUSDT
2025-02-13 17:00:00+00:00,0.25574,DOGEUSDT
2025-02-14 17:00:00+00:00,0.2819,DOGEUSDT
2025-02-15 17:00:00+00:00,0.27216,DOGEUSDT
2025-02-16 17:00:00+00:00,0.26553,DOGEUSDT
2025-02-17 17:00:00+00:00,0.25782,DOGEUSDT
2025-02-18 17:00:00+00:00,0.24563,DOGEUSDT
2025-02-19 17:00:00+00:00,0.25333,DOGEUSDT
2025-02-20 17:00:00+00:00,0.25238,DOGEUSDT
2025-02-21 17:00:00+00:00,0.2462,DOGEUSDT
2025-02-22 17:00:00+00:00,0.24741,DOGEUSDT
2025-02-23 17:00:00+00:00,0.24264,DOGEUSDT
2025-02-24 17:00:00+00:00,0.22682,DOGEUSDT
2025-02-25 17:00:00+00:00,0.20575,DOGEUSDT
2025-02-26 17:00:00+00:00,0.20172,DOGEUSDT
2025-02-27 17:00:00+00:00,0.20916,DOGEUSDT
2025-02-28 17:00:00+00:00,0.1981,DOGEUSDT
2025-03-01 17:00:00+00:00,0.20205,DOGEUSDT
2025-03-02 17:00:00+00:00,0.23107,DOGEUSDT
2025-03-03 17:00:00+00:00,0.21551,DOGEUSDT
2025-03-04 17:00:00+00:00,0.19621,DOGEUSDT
2025-03-05 17:00:00+00:00,0.20205,DOGEUSDT
2025-03-06 17:00:00+00:00,0.20169,DOGEUSDT
2025-03-07 17:00:00+00:00,0.20331,DOGEUSDT
2025-03-08 17:00:00+00:00,0.19336,DOGEUSDT
2025-03-09 17:00:00+00:00,0.16807,DOGEUSDT
2025-03-10 17:00:00+00:00,0.158,DOGEUSDT
2025-03-11 17:00:00+00:00,0.15966,DOGEUSDT
2025-03-12 17:00:00+00:00,0.16586,DOGEUSDT
2025-03-13 17:00:00+00:00,0.1627,DOGEUSDT
2025-03-14 17:00:00+00:00,0.17153,DOGEUSDT
2025-03-15 17:00:00+00:00,0.17582,DOGEUSDT
2025-03-16 17:00:00+00:00,0.17072,DOGEUSDT
2025-03-17 17:00:00+00:00,0.17438,DOGEUSDT
2025-03-18 17:00:00+00:00,0.16356,DOGEUSDT
2025-03-19 17:00:00+00:00,0.17015,DOGEUSDT
2025-03-20 17:00:00+00:00,0.16847,DOGEUSDT
