symbol,month,average_price,highest_price,lowest_price,price_range
ADAUSDT,2018-04,0.3,0.36,0.25,0.10999999999999999
ADAUSDT,2018-05,0.27,0.37,0.18,0.19
ADAUSDT,2018-06,0.17,0.23,0.12,0.11000000000000001
ADAUSDT,2018-07,0.15,0.2,0.13,0.07
ADAUSDT,2018-08,0.11,0.14,0.09,0.05000000000000002
ADAUSDT,2018-09,0.08,0.11,0.06,0.05
ADAUSDT,2018-10,0.08,0.09,0.07,0.01999999999999999
ADAUSDT,2018-11,0.06,0.08,0.04,0.04
ADAUSDT,2018-12,0.04,0.05,0.03,0.020000000000000004
ADAUSDT,2019-01,0.04,0.05,0.04,0.010000000000000002
ADAUSDT,2019-02,0.04,0.05,0.04,0.010000000000000002
ADAUSDT,2019-03,0.05,0.07,0.04,0.030000000000000006
ADAUSDT,2019-04,0.08,0.1,0.07,0.03
ADAUSDT,2019-05,0.08,0.09,0.06,0.03
ADAUSDT,2019-06,0.09,0.1,0.08,0.020000000000000004
ADAUSDT,2019-07,0.07,0.08,0.05,0.03
ADAUSDT,2019-08,0.05,0.06,0.04,0.019999999999999997
ADAUSDT,2019-09,0.05,0.05,0.04,0.010000000000000002
ADAUSDT,2019-10,0.04,0.04,0.04,0.0
ADAUSDT,2019-11,0.04,0.05,0.04,0.010000000000000002
ADAUSDT,2019-12,0.04,0.04,0.03,0.010000000000000002
ADAUSDT,2020-01,0.04,0.06,0.03,0.03
ADAUSDT,2020-02,0.06,0.07,0.05,0.020000000000000004
ADAUSDT,2020-03,0.03,0.05,0.02,0.030000000000000002
ADAUSDT,2020-04,0.04,0.05,0.03,0.020000000000000004
ADAUSDT,2020-05,0.05,0.08,0.05,0.03
ADAUSDT,2020-06,0.08,0.09,0.07,0.01999999999999999
ADAUSDT,2020-07,0.12,0.14,0.09,0.05000000000000002
ADAUSDT,2020-08,0.13,0.15,0.1,0.04999999999999999
ADAUSDT,2020-09,0.1,0.12,0.08,0.039999999999999994
ADAUSDT,2020-10,0.1,0.11,0.09,0.020000000000000004
ADAUSDT,2020-11,0.12,0.17,0.09,0.08000000000000002
ADAUSDT,2020-12,0.16,0.18,0.14,0.03999999999999998
ADAUSDT,2021-01,0.31,0.38,0.18,0.2
ADAUSDT,2021-02,0.85,1.42,0.36,1.06
ADAUSDT,2021-03,1.17,1.29,1.03,0.26
ADAUSDT,2021-04,1.26,1.47,1.1,0.3699999999999999
ADAUSDT,2021-05,1.66,2.3,1.15,1.15
ADAUSDT,2021-06,1.48,1.84,1.21,0.6300000000000001
ADAUSDT,2021-07,1.28,1.45,1.06,0.3899999999999999
ADAUSDT,2021-08,2.1,2.92,1.33,1.5899999999999999
ADAUSDT,2021-09,2.44,2.98,2.04,0.94
ADAUSDT,2021-10,2.16,2.3,1.95,0.34999999999999987
ADAUSDT,2021-11,1.89,2.28,1.47,0.8099999999999998
ADAUSDT,2021-12,1.37,1.72,1.22,0.5
ADAUSDT,2022-01,1.22,1.49,1.03,0.45999999999999996
ADAUSDT,2022-02,1.03,1.2,0.8,0.3999999999999999
ADAUSDT,2022-03,0.94,1.22,0.79,0.42999999999999994
ADAUSDT,2022-04,0.98,1.2,0.78,0.41999999999999993
ADAUSDT,2022-05,0.6,0.83,0.45,0.37999999999999995
ADAUSDT,2022-06,0.52,0.66,0.45,0.21000000000000002
ADAUSDT,2022-07,0.47,0.55,0.43,0.12000000000000005
ADAUSDT,2022-08,0.5,0.57,0.44,0.12999999999999995
ADAUSDT,2022-09,0.47,0.51,0.43,0.08000000000000002
ADAUSDT,2022-10,0.39,0.43,0.34,0.08999999999999997
ADAUSDT,2022-11,0.35,0.43,0.3,0.13
ADAUSDT,2022-12,0.28,0.32,0.24,0.08000000000000002
ADAUSDT,2023-01,0.33,0.39,0.25,0.14
ADAUSDT,2023-02,0.38,0.41,0.35,0.06
ADAUSDT,2023-03,0.35,0.41,0.3,0.10999999999999999
ADAUSDT,2023-04,0.4,0.45,0.38,0.07
ADAUSDT,2023-05,0.37,0.39,0.35,0.040000000000000036
ADAUSDT,2023-06,0.3,0.38,0.26,0.12
ADAUSDT,2023-07,0.3,0.33,0.28,0.04999999999999999
ADAUSDT,2023-08,0.28,0.3,0.25,0.04999999999999999
ADAUSDT,2023-09,0.25,0.26,0.24,0.020000000000000018
ADAUSDT,2023-10,0.26,0.3,0.24,0.06
ADAUSDT,2023-11,0.37,0.39,0.29,0.10000000000000003
ADAUSDT,2023-12,0.56,0.64,0.38,0.26
ADAUSDT,2024-01,0.52,0.61,0.47,0.14
ADAUSDT,2024-02,0.57,0.67,0.49,0.18000000000000005
ADAUSDT,2024-03,0.69,0.77,0.6,0.17000000000000004
ADAUSDT,2024-04,0.52,0.61,0.43,0.18
ADAUSDT,2024-05,0.46,0.5,0.43,0.07
ADAUSDT,2024-06,0.41,0.47,0.37,0.09999999999999998
ADAUSDT,2024-07,0.41,0.44,0.35,0.09000000000000002
ADAUSDT,2024-08,0.35,0.4,0.32,0.08000000000000002
ADAUSDT,2024-09,0.35,0.4,0.32,0.08000000000000002
ADAUSDT,2024-10,0.35,0.36,0.33,0.02999999999999997
ADAUSDT,2024-11,0.69,1.09,0.33,0.76
ADAUSDT,2024-12,1.02,1.23,0.85,0.38
ADAUSDT,2025-01,1.0,1.13,0.89,0.23999999999999988
ADAUSDT,2025-02,0.75,0.93,0.63,0.30000000000000004
ADAUSDT,2025-03,0.78,1.03,0.63,0.4
BTCUSDT,2017-08,4272.06,4650.55,3943.0,707.5500000000002
BTCUSDT,2017-09,4039.45,4792.97,3325.27,1467.7000000000003
BTCUSDT,2017-10,5309.15,6369.02,4198.0,2171.0200000000004
BTCUSDT,2017-11,7744.93,10310.03,6063.34,4246.6900000000005
BTCUSDT,2017-12,14629.44,19130.0,10386.03,8743.97
BTCUSDT,2018-01,12757.52,16889.93,9849.99,7039.9400000000005
BTCUSDT,2018-02,9434.69,11693.14,7007.03,4686.11
BTCUSDT,2018-03,8952.51,11530.0,6720.08,4809.92
BTCUSDT,2018-04,8004.65,9409.97,6609.75,2800.2199999999993
BTCUSDT,2018-05,8446.29,9902.0,7228.11,2673.8900000000003
BTCUSDT,2018-06,6775.25,7699.01,5897.99,1801.0200000000004
BTCUSDT,2018-07,7119.89,8242.86,6177.5,2065.3600000000006
BTCUSDT,2018-08,6688.57,7539.37,6022.83,1516.54
BTCUSDT,2018-09,6587.83,7387.72,6212.33,1175.3900000000003
BTCUSDT,2018-10,6545.1,6878.67,6306.37,572.3000000000002
BTCUSDT,2018-11,5474.72,6585.8,3791.31,2794.4900000000002
BTCUSDT,2018-12,3677.37,4249.95,3185.94,1064.0099999999998
BTCUSDT,2019-01,3639.83,4007.11,3413.97,593.1400000000003
BTCUSDT,2019-02,3686.35,4095.0,3397.82,697.1799999999998
BTCUSDT,2019-03,3938.0,4100.82,3722.64,378.17999999999984
BTCUSDT,2019-04,5147.54,5552.97,4144.98,1407.9900000000007
BTCUSDT,2019-05,7244.52,8731.19,5395.4,3335.790000000001
BTCUSDT,2019-06,9363.99,13538.38,7621.24,5917.139999999999
BTCUSDT,2019-07,10649.87,12508.83,9456.34,3052.49
BTCUSDT,2019-08,10603.99,11809.07,9522.78,2286.289999999999
BTCUSDT,2019-09,9768.47,10627.82,7924.15,2703.67
BTCUSDT,2019-10,8378.58,9660.0,7434.82,2225.1800000000003
BTCUSDT,2019-11,8335.26,9339.91,7070.19,2269.7200000000003
BTCUSDT,2019-12,7249.06,7525.71,6710.0,815.71
BTCUSDT,2020-01,8333.11,9468.5,6970.04,2498.46
BTCUSDT,2020-02,9629.54,10354.91,8570.88,1784.0300000000007
BTCUSDT,2020-03,6894.18,9093.78,5068.73,4025.050000000001
BTCUSDT,2020-04,7198.64,8707.49,6194.57,2512.92
BTCUSDT,2020-05,9232.42,9962.92,8506.76,1456.1599999999999
BTCUSDT,2020-06,9438.29,9818.95,9080.29,738.6599999999999
BTCUSDT,2020-07,9576.35,11279.98,9029.87,2250.1099999999988
BTCUSDT,2020-08,11635.32,12365.06,11191.35,1173.7099999999991
BTCUSDT,2020-09,10643.55,11957.05,10129.79,1827.2599999999984
BTCUSDT,2020-10,11865.9,13778.29,10482.39,3295.9000000000015
BTCUSDT,2020-11,16612.4,19393.6,13512.51,5881.089999999998
BTCUSDT,2020-12,21837.97,28571.97,17995.53,10576.440000000002
BTCUSDT,2021-01,34550.89,41009.07,29079.64,11929.43
BTCUSDT,2021-02,46069.52,57499.01,33978.31,23520.700000000004
BTCUSDT,2021-03,54927.56,60333.33,47852.63,12480.700000000004
BTCUSDT,2021-04,57029.84,63332.85,49824.74,13508.11
BTCUSDT,2021-05,46661.49,58898.98,32715.82,26183.160000000003
BTCUSDT,2021-06,35749.4,40702.95,31681.46,9021.489999999998
BTCUSDT,2021-07,34202.17,41164.19,29659.33,11504.86
BTCUSDT,2021-08,45647.74,49647.88,38006.41,11641.469999999994
BTCUSDT,2021-09,45912.0,51672.98,41219.72,10453.260000000002
BTCUSDT,2021-10,57873.13,66363.02,47617.29,18745.730000000003
BTCUSDT,2021-11,60581.73,68633.69,53896.37,14737.32
BTCUSDT,2021-12,49348.24,57994.96,46116.61,11878.349999999999
BTCUSDT,2022-01,41194.02,47754.48,34610.01,13144.470000000001
BTCUSDT,2022-02,40744.44,45330.43,35831.85,9498.580000000002
BTCUSDT,2022-03,41958.4,47659.5,38601.7,9057.800000000003
BTCUSDT,2022-04,41536.35,46465.5,38286.36,8179.139999999999
BTCUSDT,2022-05,31696.7,38985.3,28388.14,10597.160000000003
BTCUSDT,2022-06,24325.89,31346.12,18621.13,12724.989999999998
BTCUSDT,2022-07,21527.39,24492.24,19221.77,5270.470000000001
BTCUSDT,2022-08,22414.21,24572.21,19685.99,4886.2199999999975
BTCUSDT,2022-09,19752.22,22355.8,18766.83,3588.9699999999975
BTCUSDT,2022-10,19654.95,20823.72,19091.68,1732.0400000000009
BTCUSDT,2022-11,17654.05,21319.29,16015.22,5304.0700000000015
BTCUSDT,2022-12,16927.31,18096.48,16533.12,1563.3600000000006
BTCUSDT,2023-01,20171.35,23591.38,16578.85,7012.5300000000025
BTCUSDT,2023-02,23276.37,24891.88,21458.38,3433.5
BTCUSDT,2023-03,25076.91,28516.34,19930.48,8585.86
BTCUSDT,2023-04,28854.53,30425.85,27381.49,3044.359999999997
BTCUSDT,2023-05,27421.79,29460.39,26285.01,3175.380000000001
BTCUSDT,2023-06,27780.42,31241.1,25144.72,6096.379999999997
BTCUSDT,2023-07,30055.59,31070.08,29039.74,2030.3400000000001
BTCUSDT,2023-08,27895.64,29808.56,25832.42,3976.140000000003
BTCUSDT,2023-09,26288.54,27195.12,25223.92,1971.2000000000007
BTCUSDT,2023-10,29603.28,34660.15,26632.26,8027.890000000003
BTCUSDT,2023-11,36458.66,38210.75,34425.2,3785.550000000003
BTCUSDT,2023-12,42404.86,43996.8,38795.09,5201.710000000006
BTCUSDT,2024-01,42958.74,46715.99,39398.89,7317.0999999999985
BTCUSDT,2024-02,49649.91,61358.6,42720.94,18637.659999999996
BTCUSDT,2024-03,67667.45,72820.61,61761.11,11059.5
BTCUSDT,2024-04,65869.76,71699.23,60368.81,11330.419999999998
BTCUSDT,2024-05,65143.51,70184.01,57424.65,12759.359999999993
BTCUSDT,2024-06,66017.25,71628.98,60244.89,11384.089999999997
BTCUSDT,2024-07,62806.56,68540.01,56287.38,12252.629999999997
BTCUSDT,2024-08,60012.67,64140.99,54707.99,9433.0
BTCUSDT,2024-09,60293.9,65915.61,53935.0,11980.61
BTCUSDT,2024-10,65627.88,72721.5,59611.01,13110.489999999998
BTCUSDT,2024-11,86514.21,98801.87,67830.0,30971.869999999995
BTCUSDT,2024-12,98400.1,107506.37,93364.26,14142.11
BTCUSDT,2025-01,100173.54,106458.46,91983.96,14474.5
BTCUSDT,2025-02,95396.4,102262.49,83605.12,18657.37000000001
BTCUSDT,2025-03,84886.33,94093.75,78459.91,15633.839999999997
DOGEUSDT,2019-07,0.0,0.0,0.0,0.0
DOGEUSDT,2019-08,0.0,0.0,0.0,0.0
DOGEUSDT,2019-09,0.0,0.0,0.0,0.0
DOGEUSDT,2019-10,0.0,0.0,0.0,0.0
DOGEUSDT,2019-11,0.0,0.0,0.0,0.0
DOGEUSDT,2019-12,0.0,0.0,0.0,0.0
DOGEUSDT,2020-01,0.0,0.0,0.0,0.0
DOGEUSDT,2020-02,0.0,0.0,0.0,0.0
DOGEUSDT,2020-03,0.0,0.0,0.0,0.0
DOGEUSDT,2020-04,0.0,0.0,0.0,0.0
DOGEUSDT,2020-05,0.0,0.0,0.0,0.0
DOGEUSDT,2020-06,0.0,0.0,0.0,0.0
DOGEUSDT,2020-07,0.0,0.0,0.0,0.0
DOGEUSDT,2020-08,0.0,0.0,0.0,0.0
DOGEUSDT,2020-09,0.0,0.0,0.0,0.0
DOGEUSDT,2020-10,0.0,0.0,0.0,0.0
DOGEUSDT,2020-11,0.0,0.0,0.0,0.0
DOGEUSDT,2020-12,0.0,0.0,0.0,0.0
DOGEUSDT,2021-01,0.01,0.05,0.0,0.05
DOGEUSDT,2021-02,0.06,0.08,0.03,0.05
DOGEUSDT,2021-03,0.05,0.06,0.05,0.009999999999999995
DOGEUSDT,2021-04,0.19,0.39,0.06,0.33
DOGEUSDT,2021-05,0.44,0.66,0.29,0.37000000000000005
DOGEUSDT,2021-06,0.3,0.4,0.19,0.21000000000000002
DOGEUSDT,2021-07,0.21,0.25,0.17,0.07999999999999999
DOGEUSDT,2021-08,0.27,0.34,0.19,0.15000000000000002
DOGEUSDT,2021-09,0.24,0.31,0.2,0.10999999999999999
DOGEUSDT,2021-10,0.25,0.33,0.22,0.11000000000000001
DOGEUSDT,2021-11,0.24,0.28,0.2,0.08000000000000002
DOGEUSDT,2021-12,0.18,0.21,0.16,0.04999999999999999
DOGEUSDT,2022-01,0.16,0.19,0.13,0.06
DOGEUSDT,2022-02,0.14,0.17,0.12,0.05000000000000002
DOGEUSDT,2022-03,0.13,0.15,0.11,0.039999999999999994
DOGEUSDT,2022-04,0.14,0.17,0.13,0.04000000000000001
DOGEUSDT,2022-05,0.1,0.13,0.08,0.05
DOGEUSDT,2022-06,0.07,0.08,0.05,0.03
DOGEUSDT,2022-07,0.07,0.07,0.06,0.010000000000000009
DOGEUSDT,2022-08,0.07,0.09,0.06,0.03
DOGEUSDT,2022-09,0.06,0.07,0.06,0.010000000000000009
DOGEUSDT,2022-10,0.07,0.14,0.06,0.08000000000000002
DOGEUSDT,2022-11,0.1,0.14,0.07,0.07
DOGEUSDT,2022-12,0.09,0.1,0.07,0.03
DOGEUSDT,2023-01,0.08,0.1,0.07,0.03
DOGEUSDT,2023-02,0.09,0.1,0.08,0.020000000000000004
DOGEUSDT,2023-03,0.07,0.08,0.06,0.020000000000000004
DOGEUSDT,2023-04,0.08,0.1,0.08,0.020000000000000004
DOGEUSDT,2023-05,0.07,0.08,0.07,0.009999999999999995
DOGEUSDT,2023-06,0.07,0.07,0.06,0.010000000000000009
DOGEUSDT,2023-07,0.07,0.08,0.06,0.020000000000000004
DOGEUSDT,2023-08,0.07,0.08,0.06,0.020000000000000004
DOGEUSDT,2023-09,0.06,0.06,0.06,0.0
DOGEUSDT,2023-10,0.06,0.07,0.06,0.010000000000000009
DOGEUSDT,2023-11,0.08,0.08,0.07,0.009999999999999995
DOGEUSDT,2023-12,0.09,0.1,0.08,0.020000000000000004
DOGEUSDT,2024-01,0.08,0.09,0.08,0.009999999999999995
DOGEUSDT,2024-02,0.09,0.13,0.08,0.05
DOGEUSDT,2024-03,0.17,0.22,0.13,0.09
DOGEUSDT,2024-04,0.17,0.2,0.13,0.07
DOGEUSDT,2024-05,0.15,0.17,0.13,0.04000000000000001
DOGEUSDT,2024-06,0.14,0.16,0.12,0.04000000000000001
DOGEUSDT,2024-07,0.12,0.14,0.1,0.04000000000000001
DOGEUSDT,2024-08,0.1,0.11,0.1,0.009999999999999995
DOGEUSDT,2024-09,0.11,0.13,0.09,0.04000000000000001
DOGEUSDT,2024-10,0.13,0.18,0.1,0.07999999999999999
DOGEUSDT,2024-11,0.32,0.43,0.15,0.28
DOGEUSDT,2024-12,0.38,0.47,0.31,0.15999999999999998
DOGEUSDT,2025-01,0.36,0.41,0.32,0.08999999999999997
DOGEUSDT,2025-02,0.25,0.32,0.2,0.12
DOGEUSDT,2025-03,0.18,0.23,0.16,0.07
ETHUSDT,2017-08,330.76,385.67,293.15,92.52000000000004
ETHUSDT,2017-09,291.38,392.29,227.03,165.26000000000002
ETHUSDT,2017-10,305.21,346.46,280.01,66.44999999999999
ETHUSDT,2017-11,353.87,470.97,284.01,186.96000000000004
ETHUSDT,2017-12,610.72,815.0,400.37,414.63
ETHUSDT,2018-01,1080.62,1396.02,737.02,659.0
ETHUSDT,2018-02,873.07,1061.0,701.26,359.74
ETHUSDT,2018-03,622.79,875.0,376.21,498.79
ETHUSDT,2018-04,519.47,709.54,368.7,340.84
ETHUSDT,2018-05,676.55,812.98,526.99,285.99
ETHUSDT,2018-06,519.2,618.0,412.31,205.69
ETHUSDT,2018-07,462.33,496.53,430.74,65.78999999999996
ETHUSDT,2018-08,321.65,418.77,255.0,163.76999999999998
ETHUSDT,2018-09,226.01,297.5,173.61,123.88999999999999
ETHUSDT,2018-10,211.6,230.08,196.94,33.140000000000015
ETHUSDT,2018-11,170.81,220.23,107.81,112.41999999999999
ETHUSDT,2018-12,107.54,146.23,82.81,63.41999999999999
ETHUSDT,2019-01,126.04,155.48,103.04,52.43999999999998
ETHUSDT,2019-02,126.11,156.12,104.02,52.10000000000001
ETHUSDT,2019-03,135.96,141.35,126.0,15.349999999999994
ETHUSDT,2019-04,164.62,178.76,141.28,37.47999999999999
ETHUSDT,2019-05,218.28,272.08,160.32,111.75999999999999
ETHUSDT,2019-06,273.71,353.57,230.87,122.69999999999999
ETHUSDT,2019-07,247.71,309.52,199.46,110.05999999999997
ETHUSDT,2019-08,199.31,232.85,167.73,65.12
ETHUSDT,2019-09,185.38,219.34,159.35,59.99000000000001
ETHUSDT,2019-10,178.04,191.85,160.25,31.599999999999994
ETHUSDT,2019-11,172.82,189.99,144.89,45.10000000000002
ETHUSDT,2019-12,137.61,150.76,124.51,26.249999999999986
ETHUSDT,2020-01,155.83,179.58,127.4,52.18000000000001
ETHUSDT,2020-02,238.37,280.55,182.94,97.61000000000001
ETHUSDT,2020-03,160.73,238.99,112.95,126.04
ETHUSDT,2020-04,171.12,215.04,129.6,85.44
ETHUSDT,2020-05,206.78,235.73,183.42,52.31
ETHUSDT,2020-06,234.94,244.51,224.77,19.73999999999998
ETHUSDT,2020-07,257.92,342.83,225.16,117.66999999999999
ETHUSDT,2020-08,400.51,440.94,373.25,67.69
ETHUSDT,2020-09,367.5,474.92,337.97,136.95
ETHUSDT,2020-10,375.58,417.44,338.36,79.07999999999998
ETHUSDT,2020-11,483.36,606.44,381.67,224.77000000000004
ETHUSDT,2020-12,622.69,739.15,544.97,194.17999999999995
ETHUSDT,2021-01,1197.29,1416.13,727.94,688.19
ETHUSDT,2021-02,1695.18,1996.58,1318.49,678.0899999999999
ETHUSDT,2021-03,1733.2,1913.51,1504.96,408.54999999999995
ETHUSDT,2021-04,2281.12,2757.54,1940.3,817.24
ETHUSDT,2021-05,3143.62,4144.1,1913.83,2230.2700000000004
ETHUSDT,2021-06,2325.13,2822.69,1788.66,1034.03
ETHUSDT,2021-07,2122.83,2438.51,1782.67,655.8400000000001
ETHUSDT,2021-08,3086.8,3364.01,2469.03,894.98
ETHUSDT,2021-09,3340.42,3962.69,2814.39,1148.3000000000002
ETHUSDT,2021-10,3810.66,4417.59,3276.24,1141.3500000000004
ETHUSDT,2021-11,4428.65,4839.12,4036.23,802.8899999999999
ETHUSDT,2021-12,4036.71,4674.37,3722.03,952.3399999999997
ETHUSDT,2022-01,3069.77,3838.3,2348.01,1490.29
ETHUSDT,2022-02,2867.71,3210.84,2434.9,775.94
ETHUSDT,2022-03,2877.57,3437.09,2537.03,900.06
ETHUSDT,2022-04,3103.83,3493.6,2786.01,707.5899999999997
ETHUSDT,2022-05,2189.86,2852.27,1732.38,1119.8899999999999
ETHUSDT,2022-06,1377.35,1856.6,962.56,894.04
ETHUSDT,2022-07,1351.07,1748.01,1060.3,687.71
ETHUSDT,2022-08,1702.08,1999.68,1472.77,526.9100000000001
ETHUSDT,2022-09,1482.32,1771.42,1290.3,481.1200000000001
ETHUSDT,2022-10,1368.69,1627.38,1275.1,352.2800000000002
ETHUSDT,2022-11,1305.18,1636.58,1105.71,530.8699999999999
ETHUSDT,2022-12,1234.56,1335.08,1173.56,161.51999999999998
ETHUSDT,2023-01,1462.2,1656.63,1200.68,455.95000000000005
ETHUSDT,2023-02,1624.49,1715.69,1472.62,243.07000000000016
ETHUSDT,2023-03,1672.44,1826.4,1407.41,418.99
ETHUSDT,2023-04,1917.94,2097.8,1800.61,297.1900000000003
ETHUSDT,2023-05,1839.7,1991.12,1771.1,220.01999999999998
ETHUSDT,2023-06,1822.37,1931.8,1650.19,281.6099999999999
ETHUSDT,2023-07,1895.61,1989.02,1843.3,145.72000000000003
ETHUSDT,2023-08,1758.52,1853.5,1626.19,227.30999999999995
ETHUSDT,2023-09,1620.61,1679.69,1564.14,115.54999999999995
ETHUSDT,2023-10,1651.94,1801.9,1530.41,271.49
ETHUSDT,2023-11,1985.64,2103.84,1805.0,298.84000000000015
ETHUSDT,2023-12,2254.2,2356.68,2094.48,262.1999999999998
ETHUSDT,2024-01,2372.69,2603.05,2203.28,399.77
ETHUSDT,2024-02,2730.56,3384.82,2292.92,1091.9
ETHUSDT,2024-03,3625.95,4038.66,3299.19,739.4699999999998
ETHUSDT,2024-04,3250.37,3668.19,2985.26,682.9299999999998
ETHUSDT,2024-05,3290.86,3938.01,2876.07,1061.94
ETHUSDT,2024-06,3565.86,3840.93,3294.39,546.54
ETHUSDT,2024-07,3273.93,3527.16,2984.77,542.3899999999999
ETHUSDT,2024-08,2646.48,3119.81,2367.62,752.19
ETHUSDT,2024-09,2467.02,2703.52,2245.5,458.02
ETHUSDT,2024-10,2523.7,2694.83,2343.83,351.0
ETHUSDT,2024-11,3104.66,3677.0,2424.99,1252.0100000000002
ETHUSDT,2024-12,3657.42,4033.7,3315.27,718.4299999999998
ETHUSDT,2025-01,3336.45,3673.87,3020.79,653.0799999999999
ETHUSDT,2025-02,2677.78,3262.24,2209.3,1052.9399999999996
ETHUSDT,2025-03,2047.68,2480.49,1826.95,653.5399999999997
SHIBUSDT,2021-05,0.0,0.0,0.0,0.0
SHIBUSDT,2021-06,0.0,0.0,0.0,0.0
SHIBUSDT,2021-07,0.0,0.0,0.0,0.0
SHIBUSDT,2021-08,0.0,0.0,0.0,0.0
SHIBUSDT,2021-09,0.0,0.0,0.0,0.0
SHIBUSDT,2021-10,0.0,0.0,0.0,0.0
SHIBUSDT,2021-11,0.0,0.0,0.0,0.0
SHIBUSDT,2021-12,0.0,0.0,0.0,0.0
SHIBUSDT,2022-01,0.0,0.0,0.0,0.0
SHIBUSDT,2022-02,0.0,0.0,0.0,0.0
SHIBUSDT,2022-03,0.0,0.0,0.0,0.0
SHIBUSDT,2022-04,0.0,0.0,0.0,0.0
SHIBUSDT,2022-05,0.0,0.0,0.0,0.0
SHIBUSDT,2022-06,0.0,0.0,0.0,0.0
SHIBUSDT,2022-07,0.0,0.0,0.0,0.0
SHIBUSDT,2022-08,0.0,0.0,0.0,0.0
SHIBUSDT,2022-09,0.0,0.0,0.0,0.0
SHIBUSDT,2022-10,0.0,0.0,0.0,0.0
SHIBUSDT,2022-11,0.0,0.0,0.0,0.0
SHIBUSDT,2022-12,0.0,0.0,0.0,0.0
SHIBUSDT,2023-01,0.0,0.0,0.0,0.0
SHIBUSDT,2023-02,0.0,0.0,0.0,0.0
SHIBUSDT,2023-03,0.0,0.0,0.0,0.0
SHIBUSDT,2023-04,0.0,0.0,0.0,0.0
SHIBUSDT,2023-05,0.0,0.0,0.0,0.0
SHIBUSDT,2023-06,0.0,0.0,0.0,0.0
SHIBUSDT,2023-07,0.0,0.0,0.0,0.0
SHIBUSDT,2023-08,0.0,0.0,0.0,0.0
SHIBUSDT,2023-09,0.0,0.0,0.0,0.0
SHIBUSDT,2023-10,0.0,0.0,0.0,0.0
SHIBUSDT,2023-11,0.0,0.0,0.0,0.0
SHIBUSDT,2023-12,0.0,0.0,0.0,0.0
SHIBUSDT,2024-01,0.0,0.0,0.0,0.0
SHIBUSDT,2024-02,0.0,0.0,0.0,0.0
SHIBUSDT,2024-03,0.0,0.0,0.0,0.0
SHIBUSDT,2024-04,0.0,0.0,0.0,0.0
SHIBUSDT,2024-05,0.0,0.0,0.0,0.0
SHIBUSDT,2024-06,0.0,0.0,0.0,0.0
SHIBUSDT,2024-07,0.0,0.0,0.0,0.0
SHIBUSDT,2024-08,0.0,0.0,0.0,0.0
SHIBUSDT,2024-09,0.0,0.0,0.0,0.0
SHIBUSDT,2024-10,0.0,0.0,0.0,0.0
SHIBUSDT,2024-11,0.0,0.0,0.0,0.0
SHIBUSDT,2024-12,0.0,0.0,0.0,0.0
SHIBUSDT,2025-01,0.0,0.0,0.0,0.0
SHIBUSDT,2025-02,0.0,0.0,0.0,0.0
SHIBUSDT,2025-03,0.0,0.0,0.0,0.0
SOLUSDT,2020-08,3.52,4.58,3.0,1.58
SOLUSDT,2020-09,3.12,4.49,2.44,2.0500000000000003
SOLUSDT,2020-10,2.14,2.68,1.45,1.2300000000000002
SOLUSDT,2020-11,1.98,2.42,1.39,1.03
SOLUSDT,2020-12,1.65,2.15,1.28,0.8699999999999999
SOLUSDT,2021-01,3.25,4.22,1.68,2.54
SOLUSDT,2021-02,9.57,17.5,4.36,13.14
SOLUSDT,2021-03,14.95,19.61,12.43,7.18
SOLUSDT,2021-04,31.1,46.59,18.88,27.710000000000004
SOLUSDT,2021-05,40.16,53.94,22.3,31.639999999999997
SOLUSDT,2021-06,35.59,42.68,27.52,15.16
SOLUSDT,2021-07,30.3,37.28,23.45,13.830000000000002
SOLUSDT,2021-08,60.63,110.31,33.88,76.43
SOLUSDT,2021-09,150.51,191.22,114.82,76.4
SOLUSDT,2021-10,172.73,213.83,146.27,67.56
SOLUSDT,2021-11,222.7,252.18,185.96,66.22
SOLUSDT,2021-12,185.65,230.08,153.99,76.09
SOLUSDT,2022-01,131.26,177.75,88.88,88.87
SOLUSDT,2022-02,99.47,120.93,84.16,36.77000000000001
SOLUSDT,2022-03,93.55,123.65,79.2,44.45
SOLUSDT,2022-04,108.75,137.45,90.53,46.91999999999999
SOLUSDT,2022-05,59.36,89.85,41.06,48.78999999999999
SOLUSDT,2022-06,36.05,42.17,28.12,14.05
SOLUSDT,2022-07,38.47,46.53,32.72,13.810000000000002
SOLUSDT,2022-08,38.58,46.75,30.96,15.79
SOLUSDT,2022-09,32.92,37.59,30.76,6.830000000000002
SOLUSDT,2022-10,31.33,34.01,27.77,6.239999999999998
SOLUSDT,2022-11,18.72,36.86,11.69,25.17
SOLUSDT,2022-12,12.49,14.7,9.36,5.34
SOLUSDT,2023-01,19.73,26.27,9.94,16.33
SOLUSDT,2023-02,23.12,25.69,19.94,5.75
SOLUSDT,2023-03,20.59,22.59,17.65,4.940000000000001
SOLUSDT,2023-04,22.23,24.65,20.11,4.539999999999999
SOLUSDT,2023-05,20.73,22.65,19.24,3.41
SOLUSDT,2023-06,17.4,22.11,14.46,7.649999999999999
SOLUSDT,2023-07,23.52,28.01,18.32,9.690000000000001
SOLUSDT,2023-08,22.47,24.82,19.87,4.949999999999999
SOLUSDT,2023-09,19.33,21.48,17.73,3.75
SOLUSDT,2023-10,26.19,36.16,21.28,14.879999999999995
SOLUSDT,2023-11,52.75,61.83,39.0,22.83
SOLUSDT,2023-12,81.78,123.7,60.77,62.93
SOLUSDT,2024-01,96.23,107.7,82.55,25.150000000000006
SOLUSDT,2024-02,106.1,128.64,95.65,32.98999999999998
SOLUSDT,2024-03,165.83,197.66,127.44,70.22
SOLUSDT,2024-04,157.09,190.32,124.65,65.66999999999999
SOLUSDT,2024-05,158.17,181.44,126.85,54.59
SOLUSDT,2024-06,149.09,174.75,128.2,46.55000000000001
SOLUSDT,2024-07,158.69,186.65,134.92,51.73000000000002
SOLUSDT,2024-08,146.7,162.25,134.36,27.889999999999986
SOLUSDT,2024-09,139.54,157.88,126.74,31.14
SOLUSDT,2024-10,156.29,180.9,135.97,44.93000000000001
SOLUSDT,2024-11,216.33,257.31,160.57,96.74000000000001
SOLUSDT,2024-12,211.89,241.01,181.61,59.39999999999998
SOLUSDT,2025-01,221.98,271.36,176.37,94.99000000000001
SOLUSDT,2025-02,182.9,227.25,133.99,93.25999999999999
SOLUSDT,2025-03,134.79,171.41,117.59,53.81999999999999
USDCUSDT,2018-12,1.0,1.01,0.99,0.020000000000000018
USDCUSDT,2019-01,1.0,1.01,0.98,0.030000000000000027
USDCUSDT,2019-02,1.01,1.02,1.0,0.020000000000000018
USDCUSDT,2019-03,1.0,1.01,1.0,0.010000000000000009
USDCUSDT,2019-04,1.0,1.03,0.99,0.040000000000000036
USDCUSDT,2019-05,1.0,1.02,0.99,0.030000000000000027
USDCUSDT,2019-06,1.0,1.02,0.99,0.030000000000000027
USDCUSDT,2019-07,1.0,1.0,0.99,0.010000000000000009
USDCUSDT,2019-08,1.0,1.0,1.0,0.0
USDCUSDT,2019-09,1.0,1.0,1.0,0.0
USDCUSDT,2019-10,1.0,1.0,1.0,0.0
USDCUSDT,2019-11,1.0,1.0,1.0,0.0
USDCUSDT,2019-12,1.0,1.0,1.0,0.0
USDCUSDT,2020-01,1.0,1.0,1.0,0.0
USDCUSDT,2020-02,1.0,1.0,1.0,0.0
USDCUSDT,2020-03,1.0,1.0,1.0,0.0
USDCUSDT,2020-04,1.0,1.0,1.0,0.0
USDCUSDT,2020-05,1.0,1.0,1.0,0.0
USDCUSDT,2020-06,1.0,1.0,1.0,0.0
USDCUSDT,2020-07,1.0,1.0,1.0,0.0
USDCUSDT,2020-08,1.0,1.0,1.0,0.0
USDCUSDT,2020-09,1.0,1.0,1.0,0.0
USDCUSDT,2020-10,1.0,1.0,1.0,0.0
USDCUSDT,2020-11,1.0,1.0,1.0,0.0
USDCUSDT,2020-12,1.0,1.0,1.0,0.0
USDCUSDT,2021-01,1.0,1.0,1.0,0.0
USDCUSDT,2021-02,1.0,1.0,1.0,0.0
USDCUSDT,2021-03,1.0,1.0,1.0,0.0
USDCUSDT,2021-04,1.0,1.0,1.0,0.0
USDCUSDT,2021-05,1.0,1.0,1.0,0.0
USDCUSDT,2021-06,1.0,1.0,1.0,0.0
USDCUSDT,2021-07,1.0,1.0,1.0,0.0
USDCUSDT,2021-08,1.0,1.0,1.0,0.0
USDCUSDT,2021-09,1.0,1.0,1.0,0.0
USDCUSDT,2021-10,1.0,1.0,1.0,0.0
USDCUSDT,2021-11,1.0,1.0,1.0,0.0
USDCUSDT,2021-12,1.0,1.0,1.0,0.0
USDCUSDT,2022-01,1.0,1.0,1.0,0.0
USDCUSDT,2022-02,1.0,1.0,1.0,0.0
USDCUSDT,2022-03,1.0,1.0,1.0,0.0
USDCUSDT,2022-04,1.0,1.0,1.0,0.0
USDCUSDT,2022-05,1.0,1.0,1.0,0.0
USDCUSDT,2022-06,1.0,1.0,1.0,0.0
USDCUSDT,2022-07,1.0,1.0,1.0,0.0
USDCUSDT,2022-08,1.0,1.0,1.0,0.0
USDCUSDT,2022-09,1.0,1.0,1.0,0.0
USDCUSDT,2023-03,0.99,1.0,0.94,0.06000000000000005
USDCUSDT,2023-04,1.0,1.0,1.0,0.0
USDCUSDT,2023-05,1.0,1.0,1.0,0.0
USDCUSDT,2023-06,1.0,1.0,1.0,0.0
USDCUSDT,2023-07,1.0,1.0,1.0,0.0
USDCUSDT,2023-08,1.0,1.0,1.0,0.0
USDCUSDT,2023-09,1.0,1.0,1.0,0.0
USDCUSDT,2023-10,1.0,1.0,1.0,0.0
USDCUSDT,2023-11,1.0,1.0,1.0,0.0
USDCUSDT,2023-12,1.0,1.0,1.0,0.0
USDCUSDT,2024-01,1.0,1.0,1.0,0.0
USDCUSDT,2024-02,1.0,1.0,1.0,0.0
USDCUSDT,2024-03,1.0,1.0,1.0,0.0
USDCUSDT,2024-04,1.0,1.0,1.0,0.0
USDCUSDT,2024-05,1.0,1.0,1.0,0.0
USDCUSDT,2024-06,1.0,1.0,1.0,0.0
USDCUSDT,2024-07,1.0,1.0,1.0,0.0
USDCUSDT,2024-08,1.0,1.0,1.0,0.0
USDCUSDT,2024-09,1.0,1.0,1.0,0.0
USDCUSDT,2024-10,1.0,1.0,1.0,0.0
USDCUSDT,2024-11,1.0,1.0,1.0,0.0
USDCUSDT,2024-12,1.0,1.0,1.0,0.0
USDCUSDT,2025-01,1.0,1.0,1.0,0.0
USDCUSDT,2025-02,1.0,1.0,1.0,0.0
USDCUSDT,2025-03,1.0,1.0,1.0,0.0
